Customer type,Gender,Product line,Quantity,Total,Date,Time,Payment,cogs,gross income,Rating,Branch City
0,0,Health and beauty,7,548.9715,1/5/2019,13:08,2,522.83,26.1415,9.1,0
1,0,Electronic accessories,5,80.22,3/8/2019,10:29,0,76.4,3.82,9.6,2
1,1,Home and lifestyle,7,340.5255,3/3/2019,13:23,1,324.31,16.2155,7.4,0
0,1,Health and beauty,8,489.048,1/27/2019,20:33,2,465.76,23.288,8.4,0
1,1,Sports and travel,7,634.3785,2/8/2019,10:37,2,604.17,30.2085,5.3,0
1,1,Electronic accessories,7,627.6165,3/25/2019,18:30,2,597.73,29.8865,4.1,2
0,0,Electronic accessories,6,433.692,2/25/2019,14:36,2,413.04,20.652,5.8,0
1,0,Home and lifestyle,10,772.38,2/24/2019,11:38,2,735.6,36.78,8.0,2
0,0,Health and beauty,2,76.146,1/10/2019,17:15,1,72.52,3.626,7.2,0
0,0,Food and beverages,3,172.746,2/20/2019,13:27,1,164.52,8.226,5.9,1
0,0,Fashion accessories,4,60.816,2/6/2019,18:07,2,57.92,2.896,4.5,1
0,1,Electronic accessories,4,107.142,3/9/2019,17:03,0,102.04,5.102,6.8,1
1,0,Electronic accessories,5,246.4875,2/12/2019,10:25,2,234.75,11.7375,7.1,0
1,1,Food and beverages,10,453.495,2/7/2019,16:48,2,431.9,21.595,8.2,0
1,0,Health and beauty,10,749.49,3/29/2019,19:21,0,713.8,35.69,5.7,0
0,0,Sports and travel,6,590.436,1/15/2019,16:19,0,562.32,28.116,4.5,1
0,0,Health and beauty,7,506.6355,3/11/2019,11:03,1,482.51,24.1255,4.6,0
1,1,Sports and travel,6,457.443,1/1/2019,10:39,1,435.66,21.783,6.9,0
1,1,Food and beverages,3,172.2105,1/21/2019,18:00,1,164.01,8.2005,8.6,0
1,0,Home and lifestyle,2,84.63,3/11/2019,15:30,2,80.6,4.03,4.4,1
0,1,Electronic accessories,5,451.71,2/25/2019,11:24,2,430.2,21.51,4.8,2
1,1,Health and beauty,3,277.137,3/5/2019,10:40,2,263.94,13.197,5.1,1
1,1,Home and lifestyle,2,69.72,3/15/2019,12:20,1,66.4,3.32,4.4,1
1,1,Electronic accessories,5,181.44,2/17/2019,11:15,2,172.8,8.64,9.9,0
0,1,Sports and travel,3,279.1845,3/2/2019,17:36,2,265.89,13.2945,6.0,0
0,0,Home and lifestyle,8,441.756,3/22/2019,19:20,1,420.72,21.036,8.5,0
1,1,Fashion accessories,1,35.196,2/8/2019,15:31,0,33.52,1.676,6.7,1
1,0,Fashion accessories,2,184.107,3/10/2019,12:17,1,175.34,8.767,7.7,0
1,0,Food and beverages,5,463.89,1/25/2019,19:48,0,441.8,22.09,9.6,1
1,1,Health and beauty,9,235.2105,3/15/2019,15:36,0,224.01,11.2005,7.4,0
1,1,Fashion accessories,5,494.1825,2/25/2019,19:39,1,470.65,23.5325,4.8,1
0,1,Sports and travel,9,737.7615,1/28/2019,12:43,0,702.63,35.1315,4.5,1
1,1,Sports and travel,8,703.752,1/10/2019,14:49,0,670.24,33.512,5.1,1
1,1,Health and beauty,2,202.818,3/15/2019,10:12,1,193.16,9.658,5.1,0
0,0,Food and beverages,4,417.564,2/6/2019,10:42,2,397.68,19.884,7.5,2
0,0,Sports and travel,1,71.526,1/7/2019,12:28,2,68.12,3.406,6.8,2
0,1,Sports and travel,5,328.755,3/10/2019,19:15,2,313.1,15.655,7.0,0
1,0,Electronic accessories,9,575.316,1/15/2019,17:17,2,547.92,27.396,4.7,0
1,0,Health and beauty,8,461.328,3/23/2019,13:24,2,439.36,21.968,7.6,2
0,1,Home and lifestyle,8,253.008,3/3/2019,13:01,0,240.96,12.048,7.7,1
0,0,Home and lifestyle,1,91.056,1/17/2019,18:45,2,86.72,4.336,7.9,1
0,1,Home and lifestyle,2,117.831,2/2/2019,10:11,0,112.22,5.611,6.3,2
0,0,Sports and travel,6,435.456,2/8/2019,13:03,0,414.72,20.736,5.6,1
0,0,Food and beverages,8,829.08,3/4/2019,20:39,0,789.6,39.48,7.6,2
0,1,Health and beauty,2,32.277,3/16/2019,19:47,0,30.74,1.537,7.2,2
0,0,Electronic accessories,4,394.632,3/9/2019,18:00,0,375.84,18.792,9.5,1
0,1,Health and beauty,9,535.7205,2/27/2019,17:24,1,510.21,25.5105,8.4,1
0,0,Food and beverages,9,189.0945,2/6/2019,15:47,2,180.09,9.0045,4.1,1
0,1,Electronic accessories,6,119.259,2/10/2019,12:45,1,113.58,5.679,8.1,1
0,0,Fashion accessories,10,867.615,3/19/2019,17:08,2,826.3,41.315,7.9,2
0,1,Food and beverages,7,671.79,2/3/2019,10:19,0,639.8,31.99,9.5,2
0,0,Food and beverages,5,234.0975,2/10/2019,15:10,0,222.95,11.1475,8.5,0
0,0,Fashion accessories,4,75.054,3/22/2019,14:42,2,71.48,3.574,6.5,1
0,1,Fashion accessories,1,16.2015,1/25/2019,15:46,1,15.43,0.7715,6.1,2
1,1,Home and lifestyle,2,33.936,3/7/2019,11:49,2,32.32,1.616,6.5,1
1,0,Electronic accessories,8,722.232,2/28/2019,19:01,0,687.84,34.392,8.2,2
0,1,Home and lifestyle,2,93.114,3/27/2019,11:26,0,88.68,4.434,5.8,0
1,1,Health and beauty,8,752.64,2/7/2019,11:28,2,716.8,35.84,6.6,0
0,0,Home and lifestyle,10,759.675,1/20/2019,15:55,0,723.5,36.175,5.4,0
1,1,Electronic accessories,6,192.843,3/12/2019,20:36,0,183.66,9.183,9.3,2
0,0,Sports and travel,3,77.931,2/15/2019,17:47,1,74.22,3.711,10.0,2
1,1,Home and lifestyle,6,351.099,2/24/2019,10:55,2,334.38,16.719,7.0,2
0,0,Sports and travel,9,520.4115,2/3/2019,13:40,2,495.63,24.7815,10.0,1
0,1,Sports and travel,10,166.005,3/6/2019,12:27,1,158.1,7.905,8.6,0
0,1,Health and beauty,4,318.108,2/14/2019,14:35,0,302.96,15.148,7.6,1
0,1,Health and beauty,10,166.635,3/13/2019,16:40,0,158.7,7.935,5.8,0
1,0,Health and beauty,2,70.287,2/10/2019,15:43,2,66.94,3.347,6.7,2
0,0,Fashion accessories,6,614.943,1/7/2019,15:01,2,585.66,29.283,9.9,1
1,1,Sports and travel,10,827.085,1/24/2019,10:04,0,787.7,39.385,6.4,0
0,0,Health and beauty,1,19.2465,2/2/2019,18:50,0,18.33,0.9165,4.3,0
1,1,Food and beverages,10,939.54,1/6/2019,12:46,1,894.8,44.74,9.6,2
1,1,Fashion accessories,10,652.26,2/11/2019,16:19,0,621.2,31.06,5.9,2
0,0,Food and beverages,3,152.838,3/5/2019,18:17,2,145.56,7.278,4.0,1
1,0,Electronic accessories,6,478.233,3/9/2019,18:21,0,455.46,22.773,8.7,2
1,1,Home and lifestyle,9,705.6315,1/22/2019,10:55,2,672.03,33.6015,9.4,0
1,0,Electronic accessories,10,437.325,1/13/2019,17:04,1,416.5,20.825,5.4,2
0,1,Fashion accessories,9,463.428,1/9/2019,14:20,1,441.36,22.068,8.6,2
0,0,Fashion accessories,9,189.0945,1/12/2019,15:48,1,180.09,9.0045,5.7,0
0,0,Food and beverages,10,822.255,3/5/2019,16:24,2,783.1,39.155,6.6,2
1,0,Health and beauty,5,106.995,1/22/2019,18:56,0,101.9,5.095,6.0,2
1,0,Health and beauty,6,624.897,1/21/2019,14:42,1,595.14,29.757,5.5,2
1,0,Food and beverages,3,304.542,1/26/2019,19:56,2,290.04,14.502,6.4,1
1,1,Food and beverages,8,161.7,1/23/2019,18:37,2,154.0,7.7,6.6,2
0,0,Food and beverages,4,337.512,2/23/2019,18:45,1,321.44,16.072,8.3,2
0,1,Sports and travel,5,256.7775,3/9/2019,10:17,0,244.55,12.2275,6.6,2
1,0,Sports and travel,7,610.491,3/5/2019,14:31,2,581.42,29.071,4.0,2
1,1,Fashion accessories,5,401.73,3/25/2019,10:23,0,382.6,19.13,9.9,2
0,1,Food and beverages,7,362.943,3/27/2019,20:35,1,345.66,17.283,7.3,0
1,1,Sports and travel,1,44.5935,1/2/2019,16:57,0,42.47,2.1235,5.7,0
1,0,Health and beauty,6,485.037,2/27/2019,17:55,0,461.94,23.097,6.1,1
0,0,Home and lifestyle,4,198.996,1/23/2019,10:25,0,189.52,9.476,7.1,2
1,0,Sports and travel,10,471.03,1/26/2019,19:54,2,448.6,22.43,8.2,2
0,0,Sports and travel,7,161.553,1/10/2019,16:42,2,153.86,7.693,5.1,0
0,1,Health and beauty,9,608.202,3/12/2019,12:09,1,579.24,28.962,8.6,1
1,1,Health and beauty,1,94.2375,2/6/2019,20:05,1,89.75,4.4875,6.6,2
1,1,Electronic accessories,1,102.018,3/8/2019,20:38,2,97.16,4.858,7.2,0
1,1,Health and beauty,10,922.635,3/29/2019,10:25,2,878.7,43.935,5.1,1
1,0,Electronic accessories,6,78.435,2/9/2019,13:11,0,74.7,3.735,4.1,2
1,1,Food and beverages,3,166.1625,3/23/2019,10:16,2,158.25,7.9125,9.3,0
1,1,Home and lifestyle,6,521.01,3/5/2019,18:14,0,496.2,24.81,7.4,1
0,1,Fashion accessories,1,51.1455,3/26/2019,19:20,0,48.71,2.4355,4.1,2
1,1,Fashion accessories,9,742.2975,3/1/2019,13:22,0,706.95,35.3475,7.2,2
1,0,Electronic accessories,9,218.0115,2/1/2019,11:27,0,207.63,10.3815,4.9,2
1,1,Food and beverages,6,367.038,3/28/2019,16:44,0,349.56,17.478,9.9,0
1,1,Health and beauty,7,223.0725,3/19/2019,18:19,0,212.45,10.6225,8.0,1
0,1,Electronic accessories,10,931.035,1/12/2019,14:50,2,886.7,44.335,7.3,0
1,1,Fashion accessories,6,172.494,1/5/2019,20:54,1,164.28,8.214,7.9,2
1,1,Sports and travel,6,391.419,3/22/2019,20:19,0,372.78,18.639,7.4,0
1,0,Food and beverages,9,321.111,3/24/2019,10:43,0,305.82,15.291,4.2,2
0,1,Electronic accessories,10,860.685,3/3/2019,14:30,0,819.7,40.985,9.2,2
0,0,Sports and travel,2,34.629,2/5/2019,11:32,2,32.98,1.649,4.6,1
0,0,Health and beauty,3,309.3615,2/5/2019,10:41,1,294.63,14.7315,7.8,2
1,0,Fashion accessories,7,535.374,2/15/2019,12:44,0,509.88,25.494,8.4,1
0,1,Home and lifestyle,9,548.7615,1/19/2019,20:07,2,522.63,26.1315,4.3,0
0,0,Home and lifestyle,9,763.4655,2/1/2019,20:31,1,727.11,36.3555,9.5,2
1,0,Fashion accessories,3,85.113,3/2/2019,13:01,1,81.06,4.053,7.1,2
0,1,Fashion accessories,5,115.185,3/5/2019,12:29,2,109.7,5.485,5.3,1
0,1,Fashion accessories,1,53.928,1/16/2019,15:26,2,51.36,2.568,5.2,1
1,0,Food and beverages,10,115.08,2/2/2019,20:48,2,109.6,5.48,6.0,0
1,1,Home and lifestyle,2,112.224,1/20/2019,20:38,2,106.88,5.344,4.1,1
1,0,Electronic accessories,8,836.304,2/14/2019,17:03,1,796.48,39.824,5.2,0
0,1,Sports and travel,7,419.832,1/12/2019,12:02,1,399.84,19.992,6.5,2
0,1,Sports and travel,9,944.622,3/9/2019,17:26,1,899.64,44.982,4.2,1
0,1,Home and lifestyle,8,536.844,3/13/2019,19:52,1,511.28,25.564,4.6,2
0,0,Fashion accessories,8,474.348,3/9/2019,14:57,2,451.76,22.588,7.3,1
1,0,Home and lifestyle,7,688.6215,3/10/2019,18:44,1,655.83,32.7915,4.5,0
1,0,Sports and travel,5,169.3125,1/27/2019,13:26,0,161.25,8.0625,9.0,0
1,0,Fashion accessories,9,299.8485,1/8/2019,16:17,1,285.57,14.2785,5.9,2
0,0,Food and beverages,8,575.736,1/8/2019,15:57,2,548.32,27.416,8.5,2
1,0,Sports and travel,9,853.146,2/8/2019,11:15,2,812.52,40.626,7.2,1
1,0,Fashion accessories,7,291.207,1/25/2019,13:18,0,277.34,13.867,7.5,1
0,0,Sports and travel,6,580.419,3/6/2019,20:34,0,552.78,27.639,8.3,0
1,0,Sports and travel,4,146.328,2/10/2019,18:36,0,139.36,6.968,7.4,1
0,1,Electronic accessories,6,550.935,2/17/2019,14:40,1,524.7,26.235,8.8,1
1,0,Health and beauty,6,512.19,3/8/2019,16:43,2,487.8,24.39,5.3,2
1,1,Fashion accessories,3,284.193,2/18/2019,19:39,0,270.66,13.533,6.2,2
1,0,Electronic accessories,5,138.1275,1/18/2019,20:59,1,131.55,6.5775,8.8,0
0,0,Home and lifestyle,6,216.846,2/18/2019,15:39,0,206.52,10.326,9.8,0
1,1,Sports and travel,10,545.055,2/16/2019,12:21,0,519.1,25.955,8.2,1
1,1,Sports and travel,8,609.0,3/16/2019,19:25,2,580.0,29.0,9.2,0
0,0,Sports and travel,10,942.9,1/23/2019,13:00,1,898.0,44.9,5.4,2
0,1,Health and beauty,10,950.25,1/25/2019,13:48,0,905.0,45.25,8.1,2
0,0,Health and beauty,10,720.3,2/5/2019,19:57,0,686.0,34.3,9.1,2
0,0,Food and beverages,1,31.9305,2/22/2019,10:36,1,30.41,1.5205,8.4,2
1,0,Home and lifestyle,6,491.085,1/21/2019,16:37,2,467.7,23.385,8.0,0
1,0,Health and beauty,6,291.438,3/8/2019,17:11,1,277.56,13.878,9.5,2
0,0,Fashion accessories,10,316.47,2/10/2019,12:28,2,301.4,15.07,9.2,0
1,1,Health and beauty,4,277.788,3/19/2019,12:46,1,264.56,13.228,5.6,2
0,1,Home and lifestyle,8,603.624,3/6/2019,15:07,1,574.88,28.744,6.2,1
1,1,Health and beauty,8,272.664,3/27/2019,13:48,1,259.68,12.984,4.9,0
0,0,Fashion accessories,4,384.468,3/23/2019,19:20,1,366.16,18.308,4.8,1
0,1,Sports and travel,7,254.016,3/11/2019,16:07,1,241.92,12.096,7.3,2
1,1,Fashion accessories,9,786.618,1/29/2019,11:56,1,749.16,37.458,7.4,0
1,0,Food and beverages,6,103.824,2/7/2019,18:23,2,98.88,4.944,9.9,2
1,0,Sports and travel,8,680.148,1/28/2019,13:05,0,647.76,32.388,9.3,2
0,1,Food and beverages,5,484.5225,2/20/2019,15:55,1,461.45,23.0725,9.0,0
0,1,Electronic accessories,1,75.7785,1/4/2019,19:40,0,72.17,3.6085,6.1,1
1,1,Home and lifestyle,5,263.97,3/7/2019,13:58,2,251.4,12.57,9.7,1
0,1,Health and beauty,9,918.729,3/30/2019,14:43,2,874.98,43.749,6.0,1
1,1,Sports and travel,6,588.357,3/27/2019,19:18,2,560.34,28.017,10.0,1
1,0,Food and beverages,8,362.712,1/19/2019,19:39,1,345.44,17.272,8.3,2
1,1,Sports and travel,1,66.8745,2/25/2019,16:21,0,63.69,3.1845,6.0,0
1,1,Food and beverages,7,336.5565,3/13/2019,19:44,1,320.53,16.0265,7.0,0
1,1,Sports and travel,2,160.44,1/30/2019,19:42,2,152.8,7.64,6.5,2
1,1,Food and beverages,10,418.95,2/20/2019,15:24,1,399.0,19.95,5.9,1
0,1,Health and beauty,8,357.588,2/25/2019,14:12,2,340.56,17.028,5.6,1
1,1,Home and lifestyle,10,1003.59,1/16/2019,13:32,0,955.8,47.79,4.8,2
1,1,Fashion accessories,10,1039.29,2/8/2019,16:20,1,989.8,49.49,8.7,0
1,1,Food and beverages,6,323.064,1/19/2019,16:31,0,307.68,15.384,6.5,0
0,1,Sports and travel,7,510.972,2/1/2019,15:10,1,486.64,24.332,8.5,0
1,1,Health and beauty,5,367.5525,1/3/2019,11:36,2,350.05,17.5025,5.5,0
0,1,Food and beverages,5,420.2625,1/26/2019,12:45,1,400.25,20.0125,9.4,1
1,1,Electronic accessories,8,175.14,3/3/2019,19:17,0,166.8,8.34,6.3,2
0,1,Electronic accessories,6,333.207,1/19/2019,17:34,1,317.34,15.867,9.8,1
1,1,Food and beverages,8,166.236,1/18/2019,12:04,2,158.32,7.916,8.7,1
0,1,Home and lifestyle,9,319.788,3/21/2019,16:21,2,304.56,15.228,8.8,0
0,1,Food and beverages,8,186.228,3/3/2019,17:01,1,177.36,8.868,9.6,0
1,0,Fashion accessories,7,165.4485,2/13/2019,10:50,1,157.57,7.8785,4.8,2
1,1,Food and beverages,6,465.444,3/23/2019,19:16,2,443.28,22.164,4.4,0
0,1,Health and beauty,3,273.42,1/28/2019,16:47,2,260.4,13.02,9.9,2
1,1,Fashion accessories,7,472.311,2/9/2019,10:00,0,449.82,22.491,5.7,2
0,1,Food and beverages,8,323.148,1/23/2019,11:51,0,307.76,15.388,7.7,2
0,1,Sports and travel,10,162.75,3/23/2019,10:55,2,155.0,7.75,8.0,0
1,1,Health and beauty,8,288.204,1/25/2019,15:00,2,274.48,13.724,5.7,2
1,0,Sports and travel,7,90.699,3/4/2019,11:19,1,86.38,4.319,6.7,0
0,1,Food and beverages,3,56.952,3/5/2019,19:46,2,54.24,2.712,8.0,1
0,0,Home and lifestyle,8,793.716,3/3/2019,19:00,2,755.92,37.796,7.5,1
0,1,Home and lifestyle,4,195.174,2/8/2019,10:53,0,185.88,9.294,7.0,1
1,1,Home and lifestyle,1,77.7735,2/10/2019,12:50,2,74.07,3.7035,9.9,0
1,0,Home and lifestyle,4,293.202,1/28/2019,20:50,1,279.24,13.962,5.9,2
1,0,Home and lifestyle,3,242.676,2/11/2019,10:39,1,231.12,11.556,7.2,1
1,0,Fashion accessories,2,154.392,1/15/2019,13:41,2,147.04,7.352,4.6,1
1,0,Food and beverages,9,829.71,3/16/2019,19:08,0,790.2,39.51,9.2,2
1,1,Home and lifestyle,4,107.31,1/26/2019,20:23,2,102.2,5.11,5.7,1
1,1,Electronic accessories,5,171.7275,3/19/2019,11:30,1,163.55,8.1775,9.9,0
0,0,Fashion accessories,1,78.0045,1/13/2019,19:30,0,74.29,3.7145,5.0,2
0,1,Health and beauty,2,91.77,3/26/2019,18:03,0,87.4,4.37,4.9,2
1,0,Home and lifestyle,1,26.5545,3/23/2019,10:13,2,25.29,1.2645,6.1,0
1,1,Health and beauty,4,174.3,3/12/2019,19:58,1,166.0,8.3,8.2,2
0,0,Food and beverages,5,374.7975,2/17/2019,19:57,1,356.95,17.8475,5.5,2
0,0,Sports and travel,6,120.645,1/29/2019,10:01,1,114.9,5.745,6.8,2
0,0,Electronic accessories,4,241.458,3/15/2019,11:57,0,229.96,11.498,6.6,1
1,1,Electronic accessories,7,451.3635,1/14/2019,10:02,0,429.87,21.4935,9.8,2
0,1,Health and beauty,10,271.95,2/6/2019,14:51,2,259.0,12.95,8.7,1
0,1,Home and lifestyle,5,93.2925,2/15/2019,12:42,1,88.85,4.4425,5.4,1
1,0,Health and beauty,9,217.6335,1/3/2019,12:02,2,207.27,10.3635,7.9,0
0,0,Electronic accessories,9,629.8425,1/4/2019,18:19,1,599.85,29.9925,9.7,2
0,0,Home and lifestyle,10,299.565,3/18/2019,17:38,2,285.3,14.265,7.8,2
1,0,Fashion accessories,3,95.6655,3/28/2019,13:41,2,91.11,4.5555,5.1,1
1,0,Electronic accessories,9,942.4485,3/2/2019,19:42,1,897.57,44.8785,6.5,1
1,1,Electronic accessories,9,247.8735,1/25/2019,20:24,2,236.07,11.8035,5.9,0
1,0,Food and beverages,9,881.307,1/16/2019,18:08,0,839.34,41.967,8.8,2
1,1,Home and lifestyle,5,484.89,3/20/2019,19:17,2,461.8,23.09,4.9,1
1,1,Sports and travel,3,146.223,1/4/2019,13:24,1,139.26,6.963,4.4,1
0,0,Sports and travel,7,217.6335,3/11/2019,15:53,0,207.27,10.3635,6.5,1
1,1,Home and lifestyle,1,19.194,3/22/2019,15:05,1,18.28,0.914,8.3,0
1,0,Sports and travel,5,130.0425,3/24/2019,18:27,0,123.85,6.1925,8.5,1
0,0,Electronic accessories,3,298.116,2/21/2019,16:55,0,283.92,14.196,5.5,0
1,1,Fashion accessories,8,796.908,2/12/2019,12:58,2,758.96,37.948,8.7,1
1,0,Food and beverages,3,180.621,3/10/2019,18:59,1,172.02,8.601,7.9,1
1,1,Electronic accessories,6,285.705,1/31/2019,13:44,2,272.1,13.605,6.1,1
1,1,Food and beverages,7,456.288,3/6/2019,13:46,2,434.56,21.728,5.4,1
1,1,Electronic accessories,5,62.0025,2/17/2019,18:06,0,59.05,2.9525,9.4,2
0,0,Fashion accessories,1,13.167,2/21/2019,12:38,0,12.54,0.627,8.2,2
1,1,Food and beverages,2,90.825,3/20/2019,15:56,0,86.5,4.325,6.2,0
0,0,Sports and travel,2,183.036,1/11/2019,14:29,1,174.32,8.716,9.7,2
0,1,Health and beauty,9,655.5465,1/26/2019,19:14,2,624.33,31.2165,4.0,1
0,1,Electronic accessories,4,155.652,1/31/2019,16:24,2,148.24,7.412,9.7,2
0,0,Electronic accessories,6,571.41,2/26/2019,10:52,0,544.2,27.21,5.3,1
1,0,Home and lifestyle,8,532.728,3/11/2019,12:55,2,507.36,25.368,7.4,0
1,0,Fashion accessories,2,170.877,1/26/2019,19:28,0,162.74,8.137,6.5,1
0,0,Electronic accessories,3,33.3585,3/12/2019,13:52,1,31.77,1.5885,8.7,1
1,0,Health and beauty,9,794.6505,2/11/2019,10:54,0,756.81,37.8405,8.0,1
0,1,Fashion accessories,4,310.044,2/21/2019,18:31,0,295.28,14.764,6.7,1
0,1,Health and beauty,10,545.37,3/9/2019,18:24,2,519.4,25.97,6.5,0
1,0,Sports and travel,2,195.594,1/20/2019,18:09,2,186.28,9.314,4.1,0
1,1,Health and beauty,5,91.4025,1/28/2019,15:16,1,87.05,4.3525,4.9,2
0,0,Fashion accessories,5,232.155,3/5/2019,17:07,1,221.1,11.055,8.6,2
0,0,Electronic accessories,5,69.405,3/2/2019,19:26,0,66.1,3.305,4.3,1
1,1,Fashion accessories,1,94.1745,1/11/2019,11:20,2,89.69,4.4845,4.9,0
1,1,Food and beverages,9,235.683,1/11/2019,16:49,1,224.46,11.223,5.6,0
1,1,Health and beauty,2,125.517,3/11/2019,12:01,1,119.54,5.977,5.8,0
0,1,Fashion accessories,2,195.72,2/28/2019,18:37,1,186.4,9.32,6.0,2
0,1,Home and lifestyle,4,263.13,1/5/2019,11:25,0,250.6,12.53,4.2,0
1,1,Home and lifestyle,8,788.508,2/2/2019,18:42,1,750.96,37.548,8.3,1
0,1,Home and lifestyle,8,399.756,1/1/2019,14:47,0,380.72,19.036,5.7,0
0,0,Electronic accessories,3,256.41,2/9/2019,19:43,0,244.2,12.21,4.8,1
0,1,Fashion accessories,5,94.185,1/23/2019,14:04,2,89.7,4.485,6.8,0
0,1,Electronic accessories,4,326.424,1/7/2019,16:11,1,310.88,15.544,8.8,0
1,1,Food and beverages,7,536.991,1/14/2019,19:06,1,511.42,25.571,4.2,1
0,1,Food and beverages,9,439.8975,2/2/2019,15:34,2,418.95,20.9475,6.4,1
0,1,Fashion accessories,10,369.495,3/17/2019,19:06,1,351.9,17.595,8.4,2
1,0,Sports and travel,2,30.219,3/2/2019,19:44,1,28.78,1.439,7.2,2
1,1,Home and lifestyle,4,99.75,3/16/2019,11:22,0,95.0,4.75,5.2,0
0,1,Home and lifestyle,8,494.76,1/6/2019,11:23,0,471.2,23.56,8.9,0
0,1,Fashion accessories,4,137.004,1/29/2019,14:12,0,130.48,6.524,9.0,1
0,1,Electronic accessories,1,69.6675,1/31/2019,10:46,1,66.35,3.3175,9.7,0
0,1,Home and lifestyle,6,163.233,2/5/2019,10:16,2,155.46,7.773,8.7,0
0,1,Electronic accessories,4,135.45,2/13/2019,12:38,2,129.0,6.45,6.5,0
0,1,Electronic accessories,4,276.948,2/7/2019,13:05,1,263.76,13.188,6.9,2
1,0,Electronic accessories,9,709.317,3/19/2019,13:25,2,675.54,33.777,6.2,0
1,0,Fashion accessories,4,69.09,3/7/2019,14:53,2,65.8,3.29,5.6,2
0,0,Fashion accessories,4,160.86,3/13/2019,19:22,0,153.2,7.66,5.7,1
0,0,Sports and travel,10,233.52,2/9/2019,11:00,0,222.4,11.12,4.2,0
1,1,Sports and travel,1,57.1725,2/26/2019,19:24,2,54.45,2.7225,7.9,1
0,0,Sports and travel,7,723.24,3/12/2019,12:43,1,688.8,34.44,8.7,0
1,1,Home and lifestyle,4,148.974,3/14/2019,17:22,1,141.88,7.094,6.9,2
0,0,Food and beverages,10,783.3,1/8/2019,20:55,0,746.0,37.3,9.5,1
0,1,Home and lifestyle,4,297.108,1/5/2019,16:05,1,282.96,14.148,4.4,0
0,0,Home and lifestyle,10,373.17,1/4/2019,13:34,2,355.4,17.77,7.0,0
1,0,Sports and travel,5,354.0075,3/6/2019,18:13,2,337.15,16.8575,6.3,1
0,0,Health and beauty,2,44.352,1/3/2019,19:17,0,42.24,2.112,9.7,2
0,0,Home and lifestyle,9,203.553,1/7/2019,11:44,1,193.86,9.693,8.8,0
1,0,Home and lifestyle,2,25.263,1/27/2019,15:51,0,24.06,1.203,5.1,0
1,0,Health and beauty,6,628.173,2/26/2019,16:52,2,598.26,29.913,7.9,1
1,1,Fashion accessories,7,352.5795,1/7/2019,20:52,0,335.79,16.7895,6.2,1
0,0,Home and lifestyle,10,229.11,1/7/2019,17:36,0,218.2,10.91,7.1,2
1,0,Fashion accessories,4,400.764,2/2/2019,13:23,2,381.68,19.084,6.4,2
0,1,Fashion accessories,10,745.395,3/20/2019,16:28,0,709.9,35.495,5.7,2
0,1,Sports and travel,10,462.21,3/20/2019,19:57,1,440.2,22.01,9.6,0
1,0,Home and lifestyle,8,587.664,2/15/2019,17:01,1,559.68,27.984,6.4,0
1,1,Home and lifestyle,1,38.85,3/6/2019,13:29,1,37.0,1.85,7.9,2
1,0,Sports and travel,1,16.107,1/6/2019,11:09,0,15.34,0.767,6.5,0
0,1,Health and beauty,6,628.929,3/4/2019,15:02,2,598.98,29.949,8.5,0
0,0,Health and beauty,4,200.214,3/12/2019,14:21,0,190.68,9.534,9.1,0
1,1,Health and beauty,5,350.07,2/20/2019,18:01,0,333.4,16.67,7.6,1
0,1,Home and lifestyle,1,78.603,3/24/2019,14:49,0,74.86,3.743,6.9,2
1,0,Sports and travel,9,224.4375,1/31/2019,12:02,0,213.75,10.6875,9.5,2
1,0,Food and beverages,7,356.5485,1/25/2019,13:30,1,339.57,16.9785,5.2,1
0,0,Home and lifestyle,7,697.368,2/3/2019,14:38,0,664.16,33.208,4.2,0
0,1,Electronic accessories,10,423.15,1/24/2019,17:37,1,403.0,20.15,7.0,1
1,1,Electronic accessories,7,204.6975,3/14/2019,17:20,2,194.95,9.7475,6.0,2
0,0,Electronic accessories,1,65.604,2/18/2019,20:29,0,62.48,3.124,4.7,0
0,0,Food and beverages,2,76.356,1/21/2019,10:00,0,72.72,3.636,7.1,0
1,1,Health and beauty,10,190.155,3/13/2019,11:46,2,181.1,9.055,5.9,1
0,0,Electronic accessories,5,272.58,3/3/2019,13:42,0,259.6,12.98,7.5,2
1,1,Electronic accessories,4,121.128,3/29/2019,14:44,0,115.36,5.768,6.4,2
0,1,Home and lifestyle,6,493.794,1/10/2019,14:16,2,470.28,23.514,5.8,0
0,1,Home and lifestyle,4,252.042,1/25/2019,15:54,0,240.04,12.002,4.5,0
0,0,Home and lifestyle,1,93.0405,1/19/2019,10:21,0,88.61,4.4305,7.7,2
1,1,Fashion accessories,2,209.622,1/2/2019,18:09,1,199.64,9.982,6.7,2
0,1,Health and beauty,1,40.9605,3/12/2019,16:46,1,39.01,1.9505,4.7,1
1,1,Food and beverages,1,51.0405,2/25/2019,15:31,0,48.61,2.4305,4.4,2
1,0,Electronic accessories,4,214.998,3/18/2019,17:15,1,204.76,10.238,4.7,0
1,0,Electronic accessories,8,125.664,2/23/2019,12:29,0,119.68,5.984,8.6,1
0,1,Electronic accessories,7,530.67,3/26/2019,20:14,2,505.4,25.27,4.3,0
1,0,Sports and travel,7,295.6905,3/30/2019,13:22,0,281.61,14.0805,9.6,0
0,0,Home and lifestyle,8,745.836,2/17/2019,17:09,0,710.32,35.516,4.1,0
0,0,Electronic accessories,3,83.412,3/21/2019,10:40,2,79.44,3.972,4.7,0
1,0,Fashion accessories,2,172.011,3/5/2019,17:43,0,163.82,8.191,7.8,0
0,1,Sports and travel,6,503.559,1/31/2019,14:04,0,479.58,23.979,5.5,1
0,1,Fashion accessories,2,145.593,2/5/2019,19:05,2,138.66,6.933,9.7,2
0,0,Food and beverages,5,74.7075,2/1/2019,10:08,1,71.15,3.5575,4.4,0
0,0,Health and beauty,9,146.9475,3/7/2019,13:12,0,139.95,6.9975,5.0,0
0,0,Electronic accessories,10,820.365,2/10/2019,20:51,0,781.3,39.065,4.4,2
0,1,Food and beverages,2,208.677,2/14/2019,17:29,0,198.74,9.937,5.2,2
0,0,Food and beverages,3,66.402,2/9/2019,10:25,0,63.24,3.162,7.3,2
0,1,Electronic accessories,5,392.6475,1/10/2019,11:34,0,373.95,18.6975,4.9,2
0,0,Health and beauty,7,218.0745,3/11/2019,18:58,1,207.69,10.3845,8.1,2
0,1,Health and beauty,4,185.094,2/18/2019,16:28,2,176.28,8.814,8.4,2
1,0,Food and beverages,9,216.6885,2/26/2019,20:26,0,206.37,10.3185,5.5,2
1,0,Health and beauty,1,41.391,1/18/2019,15:08,0,39.42,1.971,8.4,2
1,1,Health and beauty,6,96.138,2/15/2019,18:03,2,91.56,4.578,9.8,0
1,0,Fashion accessories,5,324.2925,3/8/2019,13:21,0,308.85,15.4425,6.7,0
1,1,Home and lifestyle,6,135.576,1/17/2019,12:48,1,129.12,6.456,9.4,0
1,1,Sports and travel,4,410.508,3/12/2019,19:53,2,390.96,19.548,6.4,1
0,1,Food and beverages,5,523.845,3/9/2019,19:09,0,498.9,24.945,5.4,0
0,1,Food and beverages,4,395.892,3/12/2019,16:30,0,377.04,18.852,8.6,2
0,1,Health and beauty,4,214.746,1/25/2019,10:11,1,204.52,10.226,4.0,1
0,1,Electronic accessories,4,152.712,3/25/2019,13:07,0,145.44,7.272,7.6,0
1,1,Home and lifestyle,9,208.089,2/7/2019,18:48,0,198.18,9.909,6.8,1
1,1,Food and beverages,3,103.635,2/17/2019,17:27,1,98.7,4.935,9.1,0
1,1,Fashion accessories,5,404.355,2/3/2019,15:59,0,385.1,19.255,5.5,0
0,1,Food and beverages,2,49.308,3/14/2019,11:21,1,46.96,2.348,7.9,0
0,1,Sports and travel,5,77.175,3/24/2019,13:48,2,73.5,3.675,8.5,2
0,0,Electronic accessories,5,149.3625,3/21/2019,10:17,1,142.25,7.1125,9.1,0
1,1,Fashion accessories,9,721.98,3/19/2019,15:49,2,687.6,34.38,7.5,0
1,0,Sports and travel,6,365.085,2/24/2019,13:02,0,347.7,17.385,5.2,1
1,0,Electronic accessories,3,150.0975,3/28/2019,12:58,1,142.95,7.1475,9.5,2
0,0,Food and beverages,9,404.649,2/5/2019,15:26,1,385.38,19.269,8.9,1
0,1,Electronic accessories,3,151.4835,2/10/2019,18:23,1,144.27,7.2135,7.8,1
0,0,Health and beauty,7,411.3795,3/5/2019,19:06,2,391.79,19.5895,8.9,1
0,0,Health and beauty,7,565.215,2/15/2019,20:21,0,538.3,26.915,7.7,1
1,0,Food and beverages,5,509.4075,1/30/2019,16:24,2,485.15,24.2575,9.3,2
1,1,Sports and travel,3,140.6475,2/14/2019,15:04,0,133.95,6.6975,6.2,0
1,0,Fashion accessories,9,736.4385,2/27/2019,16:10,2,701.37,35.0685,7.6,0
0,1,Electronic accessories,1,75.5475,2/4/2019,12:14,0,71.95,3.5975,7.3,0
0,0,Home and lifestyle,8,749.7,1/20/2019,10:13,0,714.0,35.7,4.7,2
1,1,Electronic accessories,7,191.247,3/28/2019,17:38,0,182.14,9.107,5.1,0
1,0,Health and beauty,10,141.75,2/27/2019,11:06,1,135.0,6.75,4.8,1
0,0,Fashion accessories,10,1042.65,2/15/2019,14:53,1,993.0,49.65,6.6,2
1,1,Electronic accessories,7,379.9215,1/26/2019,18:22,0,361.83,18.0915,5.5,0
0,0,Fashion accessories,7,402.2655,3/14/2019,19:02,1,383.11,19.1555,8.5,1
0,1,Home and lifestyle,9,255.15,3/2/2019,14:16,0,243.0,12.15,4.8,1
1,0,Electronic accessories,1,31.752,3/4/2019,15:44,0,30.24,1.512,8.4,2
0,0,Food and beverages,4,374.388,1/7/2019,12:20,1,356.56,17.828,7.8,1
1,0,Fashion accessories,10,394.275,3/8/2019,20:01,1,375.5,18.775,9.3,2
1,0,Sports and travel,10,1002.12,1/9/2019,13:45,0,954.4,47.72,5.2,2
1,1,Electronic accessories,3,86.625,3/1/2019,15:40,2,82.5,4.125,6.5,1
1,1,Sports and travel,1,78.7185,3/16/2019,16:58,0,74.97,3.7485,5.6,1
0,1,Food and beverages,8,680.064,2/17/2019,11:12,1,647.68,32.384,7.4,0
1,0,Food and beverages,8,793.548,2/27/2019,15:12,0,755.76,37.788,9.1,2
1,1,Food and beverages,2,209.559,3/7/2019,20:37,2,199.58,9.979,8.0,2
1,1,Home and lifestyle,6,461.286,1/21/2019,17:44,0,439.32,21.966,7.2,0
1,0,Food and beverages,4,173.208,2/19/2019,16:23,0,164.96,8.248,7.1,2
1,0,Fashion accessories,4,343.056,1/6/2019,12:12,0,326.72,16.336,9.1,2
1,0,Electronic accessories,9,484.974,3/14/2019,19:33,0,461.88,23.094,5.6,2
0,1,Home and lifestyle,4,276.948,3/24/2019,10:29,0,263.76,13.188,6.0,0
1,0,Sports and travel,10,150.78,1/27/2019,14:28,0,143.6,7.18,5.4,2
0,1,Electronic accessories,9,203.175,3/6/2019,12:46,1,193.5,9.675,7.8,0
0,0,Electronic accessories,7,193.011,2/2/2019,19:40,0,183.82,9.191,9.9,1
1,0,Fashion accessories,2,128.016,1/25/2019,19:39,1,121.92,6.096,4.9,1
1,0,Home and lifestyle,6,441.693,3/14/2019,17:54,2,420.66,21.033,5.2,2
1,1,Fashion accessories,6,265.104,1/29/2019,12:25,0,252.48,12.624,8.9,2
1,0,Home and lifestyle,5,352.2225,1/3/2019,16:47,1,335.45,16.7725,9.1,0
0,0,Fashion accessories,5,507.675,1/14/2019,12:52,2,483.5,24.175,7.0,0
0,0,Home and lifestyle,9,334.341,1/5/2019,19:50,1,318.42,15.921,9.6,1
1,1,Sports and travel,7,701.8515,2/22/2019,18:17,2,668.43,33.4215,8.7,2
0,1,Fashion accessories,4,407.316,2/6/2019,17:20,2,387.92,19.396,9.4,2
1,0,Electronic accessories,4,99.33,1/30/2019,13:32,1,94.6,4.73,4.0,1
0,1,Sports and travel,4,345.786,1/11/2019,10:37,1,329.32,16.466,7.5,0
1,0,Electronic accessories,2,55.881,3/19/2019,14:35,0,53.22,2.661,4.2,2
1,0,Food and beverages,5,523.3725,1/14/2019,12:09,0,498.45,24.9225,9.9,1
0,0,Food and beverages,4,314.538,3/1/2019,15:32,2,299.56,14.978,4.2,2
1,0,Food and beverages,5,214.935,1/6/2019,13:58,2,204.7,10.235,9.9,0
0,1,Sports and travel,1,79.611,1/31/2019,13:19,0,75.82,3.791,5.8,1
1,1,Food and beverages,6,294.651,3/11/2019,13:37,0,280.62,14.031,6.0,2
1,0,Health and beauty,10,339.36,2/20/2019,16:49,1,323.2,16.16,10.0,0
0,0,Fashion accessories,9,510.9615,1/27/2019,14:55,2,486.63,24.3315,9.5,2
1,1,Food and beverages,7,133.917,3/10/2019,14:04,1,127.54,6.377,6.6,1
0,0,Fashion accessories,3,253.512,2/15/2019,12:31,0,241.44,12.072,8.1,2
1,0,Fashion accessories,10,398.475,1/26/2019,14:51,0,379.5,18.975,9.7,1
0,1,Electronic accessories,1,80.661,2/13/2019,18:27,2,76.82,3.841,7.2,0
0,0,Sports and travel,10,548.73,3/9/2019,12:45,1,522.6,26.13,6.2,0
1,0,Health and beauty,1,83.727,3/6/2019,10:36,2,79.74,3.987,7.3,0
1,0,Health and beauty,5,406.875,1/24/2019,20:36,2,387.5,19.375,4.3,0
1,0,Food and beverages,5,284.9175,3/13/2019,14:16,2,271.35,13.5675,4.6,0
1,1,Home and lifestyle,9,128.4255,3/15/2019,10:26,0,122.31,6.1155,5.8,1
0,0,Health and beauty,6,258.678,3/5/2019,13:30,1,246.36,12.318,8.3,1
0,1,Electronic accessories,9,181.818,3/4/2019,16:28,0,173.16,8.658,8.0,1
1,0,Food and beverages,6,248.409,3/25/2019,20:18,1,236.58,11.829,9.4,2
1,1,Home and lifestyle,4,194.124,3/12/2019,20:04,1,184.88,9.244,6.2,2
0,1,Home and lifestyle,1,14.679,2/4/2019,13:38,2,13.98,0.699,9.8,2
1,0,Fashion accessories,5,208.6875,2/22/2019,10:43,2,198.75,9.9375,9.6,1
0,0,Fashion accessories,7,718.7565,2/16/2019,17:30,2,684.53,34.2265,4.9,2
0,1,Sports and travel,4,282.492,1/19/2019,15:28,1,269.04,13.452,8.0,0
1,1,Food and beverages,5,72.3975,1/11/2019,19:07,1,68.95,3.4475,7.8,0
0,0,Fashion accessories,4,288.582,1/4/2019,19:01,0,274.84,13.742,4.1,1
1,0,Home and lifestyle,4,237.426,3/4/2019,19:48,2,226.12,11.306,5.5,0
1,0,Fashion accessories,5,125.055,1/28/2019,19:24,2,119.1,5.955,5.4,2
1,0,Health and beauty,10,359.205,1/2/2019,13:00,0,342.1,17.105,5.1,1
1,1,Sports and travel,2,45.927,1/25/2019,14:29,2,43.74,2.187,6.9,1
0,1,Health and beauty,5,110.0925,1/4/2019,13:21,0,104.85,5.2425,7.8,0
1,1,Sports and travel,3,81.396,3/10/2019,18:55,2,77.52,3.876,6.6,0
1,1,Home and lifestyle,8,427.812,3/22/2019,19:36,2,407.44,20.372,9.2,0
1,1,Health and beauty,1,100.9155,1/25/2019,16:28,2,96.11,4.8055,7.8,1
1,0,Home and lifestyle,4,190.596,1/8/2019,13:48,1,181.52,9.076,8.7,2
0,0,Health and beauty,1,85.5855,1/22/2019,10:57,2,81.51,4.0755,9.2,2
1,0,Health and beauty,2,120.162,1/12/2019,17:13,2,114.44,5.722,8.3,1
0,0,Electronic accessories,7,185.367,2/4/2019,10:23,0,176.54,8.827,8.2,0
0,0,Food and beverages,3,121.59,3/28/2019,13:57,2,115.8,5.79,7.5,2
1,0,Electronic accessories,3,264.7575,1/23/2019,13:29,0,252.15,12.6075,9.8,2
0,0,Fashion accessories,10,1020.705,2/8/2019,13:00,1,972.1,48.605,8.7,2
0,1,Fashion accessories,8,213.528,3/19/2019,19:42,1,203.36,10.168,6.7,1
1,1,Fashion accessories,1,17.094,3/9/2019,15:36,0,16.28,0.814,5.0,2
0,1,Fashion accessories,9,383.7645,1/2/2019,13:40,0,365.49,18.2745,7.0,1
0,1,Health and beauty,7,390.7995,1/21/2019,18:01,0,372.19,18.6095,8.9,0
0,0,Food and beverages,3,65.7405,3/20/2019,13:53,1,62.61,3.1305,8.0,1
1,1,Sports and travel,5,353.1675,2/27/2019,17:27,0,336.35,16.8175,6.9,1
0,0,Home and lifestyle,10,951.825,3/8/2019,10:53,2,906.5,45.325,7.3,0
1,1,Fashion accessories,2,145.068,1/31/2019,19:48,1,138.16,6.908,6.9,1
1,1,Food and beverages,2,90.867,3/8/2019,16:53,2,86.54,4.327,5.7,2
1,0,Electronic accessories,6,147.798,1/13/2019,19:14,2,140.76,7.038,6.4,0
1,1,Fashion accessories,7,702.219,3/9/2019,14:36,1,668.78,33.439,9.6,1
1,0,Fashion accessories,1,49.812,2/22/2019,18:19,1,47.44,2.372,6.8,1
1,1,Sports and travel,9,937.818,3/19/2019,19:09,2,893.16,44.658,9.0,2
0,1,Sports and travel,4,348.306,1/20/2019,16:51,2,331.72,16.586,9.6,2
1,1,Home and lifestyle,6,214.137,3/8/2019,15:37,1,203.94,10.197,7.7,0
0,1,Food and beverages,4,71.568,3/8/2019,20:15,2,68.16,3.408,7.0,2
1,0,Electronic accessories,8,343.224,2/7/2019,14:38,1,326.88,16.344,6.5,2
0,1,Food and beverages,5,91.56,1/15/2019,19:25,0,87.2,4.36,8.1,2
0,0,Sports and travel,8,742.812,3/22/2019,19:35,1,707.44,35.372,4.3,1
0,0,Home and lifestyle,9,843.0345,1/15/2019,15:42,1,802.89,40.1445,6.5,0
1,1,Fashion accessories,1,13.419,1/8/2019,14:11,2,12.78,0.639,9.5,2
1,0,Sports and travel,7,140.385,1/15/2019,10:43,0,133.7,6.685,9.7,0
0,0,Health and beauty,1,20.1075,1/28/2019,17:58,1,19.15,0.9575,9.5,1
0,1,Food and beverages,10,290.43,2/14/2019,11:26,1,276.6,13.83,8.9,2
1,1,Fashion accessories,3,144.081,3/10/2019,17:38,1,137.22,6.861,6.5,2
0,0,Health and beauty,1,28.4235,1/12/2019,20:07,1,27.07,1.3535,5.3,1
0,0,Sports and travel,1,41.076,3/26/2019,11:02,1,39.12,1.956,9.6,1
1,0,Electronic accessories,6,470.673,1/1/2019,19:07,0,448.26,22.413,6.7,1
1,1,Electronic accessories,6,138.663,1/2/2019,18:50,0,132.06,6.603,7.6,1
1,0,Food and beverages,5,333.9525,3/16/2019,12:43,2,318.05,15.9025,4.8,0
1,1,Health and beauty,1,26.25,3/3/2019,15:09,2,25.0,1.25,5.5,0
0,1,Electronic accessories,4,87.234,1/31/2019,13:47,0,83.08,4.154,4.7,0
0,0,Fashion accessories,5,155.19,2/13/2019,16:59,0,147.8,7.39,6.9,1
0,0,Food and beverages,9,731.43,2/15/2019,14:15,1,696.6,34.83,4.5,1
1,1,Electronic accessories,10,833.595,2/7/2019,20:24,0,793.9,39.695,6.2,1
0,0,Electronic accessories,10,488.985,1/27/2019,13:58,0,465.7,23.285,7.6,2
1,1,Food and beverages,1,37.6845,2/23/2019,16:52,1,35.89,1.7945,7.9,2
1,1,Food and beverages,5,212.73,2/3/2019,15:19,0,202.6,10.13,4.5,2
0,0,Food and beverages,10,767.025,3/3/2019,12:25,1,730.5,36.525,8.7,1
1,0,Sports and travel,4,310.59,2/3/2019,10:02,0,295.8,14.79,6.1,2
0,0,Food and beverages,1,23.751,3/17/2019,18:58,0,22.62,1.131,6.4,2
0,1,Food and beverages,5,269.535,3/28/2019,15:31,1,256.7,12.835,9.1,0
0,0,Sports and travel,10,572.775,3/2/2019,11:22,1,545.5,27.275,7.1,2
0,0,Health and beauty,7,273.0525,2/8/2019,13:12,1,260.05,13.0025,7.7,2
1,1,Sports and travel,6,233.226,3/22/2019,18:33,0,222.12,11.106,4.5,1
1,1,Food and beverages,1,22.659,2/9/2019,10:02,2,21.58,1.079,7.2,2
0,0,Electronic accessories,1,103.782,2/15/2019,11:21,0,98.84,4.942,8.4,2
0,0,Home and lifestyle,6,527.751,1/23/2019,12:10,2,502.62,25.131,5.4,2
0,0,Sports and travel,4,168.21,1/25/2019,11:40,0,160.2,8.01,9.7,0
0,1,Fashion accessories,10,452.865,2/2/2019,18:31,1,431.3,21.565,5.5,0
0,1,Health and beauty,8,609.588,3/30/2019,17:58,0,580.56,29.028,4.6,1
0,0,Electronic accessories,5,338.31,3/30/2019,17:04,0,322.2,16.11,6.6,0
1,1,Health and beauty,3,205.317,2/25/2019,20:35,1,195.54,9.777,6.3,0
1,0,Sports and travel,5,174.615,3/18/2019,16:10,1,166.3,8.315,4.2,0
1,1,Electronic accessories,4,353.094,3/7/2019,16:54,2,336.28,16.814,4.4,2
1,1,Sports and travel,10,360.885,3/16/2019,10:11,2,343.7,17.185,6.7,1
1,1,Electronic accessories,1,40.53,1/29/2019,11:26,2,38.6,1.93,6.7,0
1,1,Food and beverages,8,554.148,2/2/2019,20:29,0,527.76,26.388,8.4,2
1,0,Electronic accessories,10,344.4,2/15/2019,12:12,0,328.0,16.4,6.2,2
1,1,Sports and travel,5,194.985,1/8/2019,13:05,2,185.7,9.285,5.0,0
0,1,Home and lifestyle,10,633.99,2/12/2019,16:19,0,603.8,30.19,6.0,1
0,0,Sports and travel,10,388.29,1/1/2019,19:48,1,369.8,18.49,7.0,2
0,0,Sports and travel,4,207.858,3/21/2019,15:25,2,197.96,9.898,6.6,1
1,0,Fashion accessories,10,431.445,2/28/2019,14:42,0,410.9,20.545,7.3,1
1,1,Fashion accessories,4,156.03,3/23/2019,18:59,2,148.6,7.43,8.3,0
1,1,Home and lifestyle,1,24.108,1/30/2019,20:47,0,22.96,1.148,4.3,2
0,0,Home and lifestyle,9,734.076,2/4/2019,13:21,2,699.12,34.956,9.8,1
1,0,Fashion accessories,2,72.87,3/13/2019,19:48,2,69.4,3.47,8.2,1
0,0,Fashion accessories,10,206.43,3/15/2019,18:20,1,196.6,9.83,7.2,0
0,0,Health and beauty,8,212.688,3/5/2019,20:24,2,202.56,10.128,8.7,1
0,0,Home and lifestyle,10,127.26,3/5/2019,13:44,1,121.2,6.06,8.4,2
1,1,Fashion accessories,2,209.769,2/26/2019,11:48,2,199.78,9.989,7.1,1
1,1,Sports and travel,8,637.728,3/20/2019,14:14,0,607.36,30.368,5.5,1
1,0,Electronic accessories,2,132.762,1/1/2019,15:51,0,126.44,6.322,8.5,2
1,0,Food and beverages,6,568.512,1/27/2019,11:17,0,541.44,27.072,6.2,2
0,0,Sports and travel,1,103.0365,1/21/2019,17:36,0,98.13,4.9065,8.9,1
0,0,Sports and travel,8,432.768,2/2/2019,15:47,0,412.16,20.608,9.6,0
0,1,Sports and travel,1,77.6685,2/3/2019,15:53,1,73.97,3.6985,5.4,1
0,0,Fashion accessories,1,33.495,1/5/2019,12:40,2,31.9,1.595,9.1,2
1,1,Home and lifestyle,2,145.74,1/27/2019,19:48,2,138.8,6.94,9.0,2
1,0,Sports and travel,2,195.951,3/25/2019,17:53,0,186.62,9.331,6.3,1
1,1,Sports and travel,1,92.8725,2/25/2019,16:36,1,88.45,4.4225,9.5,1
0,1,Electronic accessories,8,203.112,1/28/2019,20:54,2,193.44,9.672,9.8,0
0,0,Sports and travel,3,152.775,1/8/2019,12:50,0,145.5,7.275,6.7,1
1,0,Food and beverages,6,529.515,1/29/2019,10:48,1,504.3,25.215,7.7,1
0,1,Health and beauty,5,321.7725,3/29/2019,14:28,0,306.45,15.3225,7.0,1
0,0,Home and lifestyle,6,100.485,2/9/2019,17:15,1,95.7,4.785,5.1,2
0,0,Sports and travel,7,666.939,1/16/2019,18:03,1,635.18,31.759,6.2,1
1,0,Home and lifestyle,5,225.2775,1/5/2019,17:29,2,214.55,10.7275,6.1,0
1,0,Fashion accessories,7,398.958,1/27/2019,18:05,2,379.96,18.998,9.3,0
1,1,Electronic accessories,7,731.6925,3/14/2019,12:07,0,696.85,34.8425,7.6,0
0,1,Sports and travel,7,429.1665,2/23/2019,19:49,1,408.73,20.4365,8.2,2
0,0,Fashion accessories,1,54.0435,3/18/2019,15:52,2,51.47,2.5735,8.5,2
0,1,Health and beauty,5,288.015,3/29/2019,16:48,2,274.3,13.715,9.8,1
0,1,Home and lifestyle,5,206.7975,1/22/2019,20:46,1,196.95,9.8475,8.7,2
1,1,Home and lifestyle,2,72.933,3/1/2019,18:14,2,69.46,3.473,9.7,0
0,1,Sports and travel,5,377.58,1/17/2019,15:05,1,359.6,17.98,4.3,2
1,0,Electronic accessories,3,143.9865,3/26/2019,10:34,1,137.13,6.8565,7.7,1
0,0,Home and lifestyle,6,523.971,3/20/2019,11:23,0,499.02,24.951,7.3,2
0,0,Home and lifestyle,6,235.872,2/6/2019,13:55,1,224.64,11.232,5.9,0
1,1,Health and beauty,2,132.027,1/1/2019,11:43,0,125.74,6.287,5.0,2
1,1,Food and beverages,6,514.773,1/27/2019,14:36,1,490.26,24.513,8.0,0
0,0,Sports and travel,5,479.9025,2/25/2019,16:03,2,457.05,22.8525,7.1,0
1,1,Fashion accessories,4,164.682,1/16/2019,20:03,1,156.84,7.842,9.0,1
0,1,Fashion accessories,2,125.706,1/13/2019,14:55,2,119.72,5.986,6.7,1
0,0,Food and beverages,10,570.78,2/7/2019,11:28,1,543.6,27.18,6.1,1
1,1,Sports and travel,9,926.9505,2/17/2019,19:41,0,882.81,44.1405,9.3,0
1,1,Health and beauty,6,160.209,2/12/2019,19:01,2,152.58,7.629,7.0,0
0,1,Fashion accessories,8,728.112,1/24/2019,18:04,1,693.44,34.672,7.2,0
1,1,Electronic accessories,10,240.975,2/6/2019,19:20,2,229.5,11.475,8.2,1
1,0,Food and beverages,9,154.1295,3/26/2019,10:31,2,146.79,7.3395,8.4,2
1,0,Home and lifestyle,5,148.68,3/11/2019,13:28,2,141.6,7.08,6.2,0
1,1,Home and lifestyle,7,122.5245,2/7/2019,11:36,2,116.69,5.8345,7.4,2
0,0,Fashion accessories,1,77.658,1/5/2019,11:32,1,73.96,3.698,5.0,1
1,1,Home and lifestyle,1,102.837,3/7/2019,11:44,2,97.94,4.897,6.9,0
1,0,Fashion accessories,4,306.81,2/25/2019,17:16,1,292.2,14.61,4.9,0
0,0,Food and beverages,6,551.124,2/1/2019,18:43,2,524.88,26.244,5.1,2
1,1,Home and lifestyle,3,96.642,1/22/2019,11:00,2,92.04,4.602,9.1,0
0,1,Health and beauty,1,79.674,1/3/2019,10:30,1,75.88,3.794,7.1,2
0,0,Sports and travel,4,84.756,2/13/2019,12:14,1,80.72,4.036,5.0,1
0,1,Electronic accessories,6,118.251,1/28/2019,16:43,1,112.62,5.631,5.5,2
1,0,Food and beverages,1,74.76,1/5/2019,20:40,1,71.2,3.56,9.2,1
0,1,Home and lifestyle,4,163.002,3/19/2019,13:40,2,155.24,7.762,4.9,1
1,0,Fashion accessories,10,308.91,1/12/2019,16:23,2,294.2,14.71,8.9,0
1,1,Sports and travel,9,575.9775,1/7/2019,12:08,1,548.55,27.4275,6.0,0
1,0,Sports and travel,5,270.585,1/26/2019,17:45,0,257.7,12.885,4.2,1
1,0,Electronic accessories,6,416.178,1/23/2019,10:28,0,396.36,19.818,7.3,0
1,1,Fashion accessories,3,180.4005,2/9/2019,20:31,2,171.81,8.5905,6.5,1
1,0,Fashion accessories,9,513.2295,2/22/2019,10:49,0,488.79,24.4395,8.9,1
1,0,Health and beauty,9,550.368,2/5/2019,12:34,0,524.16,26.208,9.7,1
1,1,Electronic accessories,6,139.923,3/7/2019,10:23,1,133.26,6.663,8.6,2
0,1,Electronic accessories,7,142.002,3/25/2019,18:51,0,135.24,6.762,6.9,0
1,1,Home and lifestyle,3,118.062,1/20/2019,13:45,1,112.44,5.622,7.7,1
0,0,Fashion accessories,2,151.284,2/4/2019,19:38,0,144.08,7.204,9.5,1
0,0,Food and beverages,10,1034.46,1/30/2019,20:23,2,985.2,49.26,4.5,2
0,1,Food and beverages,6,262.458,1/2/2019,15:24,2,249.96,12.498,5.6,0
0,0,Home and lifestyle,3,228.123,3/29/2019,16:54,2,217.26,10.863,8.2,0
1,1,Electronic accessories,9,203.931,3/14/2019,12:32,0,194.22,9.711,7.3,1
1,1,Food and beverages,10,936.6,2/11/2019,15:42,1,892.0,44.6,4.4,2
1,0,Electronic accessories,8,356.328,1/30/2019,13:58,2,339.36,16.968,5.7,1
0,1,Electronic accessories,6,469.413,3/20/2019,15:08,2,447.06,22.353,5.0,0
1,1,Fashion accessories,2,208.425,3/20/2019,13:02,0,198.5,9.925,9.0,1
1,0,Food and beverages,10,852.705,1/17/2019,13:01,1,812.1,40.605,6.3,0
1,0,Sports and travel,10,517.965,2/3/2019,16:40,1,493.3,24.665,9.4,2
1,0,Fashion accessories,9,621.243,1/1/2019,13:55,0,591.66,29.583,7.7,0
1,0,Fashion accessories,7,586.971,1/10/2019,10:33,1,559.02,27.951,5.5,1
1,0,Sports and travel,7,543.753,3/2/2019,16:42,2,517.86,25.893,4.1,2
0,0,Home and lifestyle,5,430.71,2/25/2019,17:16,1,410.2,20.51,7.6,1
0,1,Sports and travel,10,280.035,1/29/2019,11:48,0,266.7,13.335,8.6,1
0,1,Food and beverages,7,74.4555,3/10/2019,19:35,2,70.91,3.5455,8.3,0
1,1,Food and beverages,2,152.019,1/13/2019,19:55,1,144.78,7.239,8.1,1
1,1,Sports and travel,5,451.0275,3/22/2019,14:33,1,429.55,21.4775,8.6,0
0,1,Fashion accessories,7,597.6285,3/1/2019,19:49,2,569.17,28.4585,6.3,1
1,1,Food and beverages,4,253.26,2/20/2019,18:43,0,241.2,12.06,5.8,1
1,1,Food and beverages,4,133.434,1/14/2019,14:43,2,127.08,6.354,6.2,2
1,0,Health and beauty,4,269.934,3/26/2019,13:54,0,257.08,12.854,7.7,0
1,1,Health and beauty,2,145.971,3/1/2019,12:15,2,139.02,6.951,8.1,1
1,1,Food and beverages,3,85.743,1/7/2019,12:37,0,81.66,4.083,7.3,2
0,0,Health and beauty,4,326.256,2/1/2019,19:54,0,310.72,15.536,8.4,0
0,0,Fashion accessories,2,195.258,2/13/2019,15:06,1,185.96,9.298,8.0,2
0,0,Fashion accessories,4,75.936,1/14/2019,18:03,1,72.32,3.616,9.5,1
1,1,Sports and travel,3,198.639,1/19/2019,15:58,2,189.18,9.459,7.0,1
1,1,Health and beauty,4,217.182,3/9/2019,13:53,1,206.84,10.342,9.8,0
1,0,Food and beverages,3,164.871,3/27/2019,14:03,0,157.02,7.851,9.2,0
1,0,Sports and travel,5,226.065,2/4/2019,16:38,2,215.3,10.765,7.7,0
1,1,Fashion accessories,10,625.905,3/14/2019,11:07,0,596.1,29.805,5.3,2
1,1,Health and beauty,5,76.755,3/4/2019,12:23,0,73.1,3.655,4.4,0
0,1,Health and beauty,6,293.139,3/3/2019,10:54,1,279.18,13.959,4.3,2
0,0,Home and lifestyle,7,178.164,1/27/2019,17:38,2,169.68,8.484,9.4,2
0,0,Sports and travel,1,47.859,2/7/2019,14:13,0,45.58,2.279,9.8,0
0,0,Sports and travel,3,236.88,2/5/2019,11:51,2,225.6,11.28,4.8,0
0,1,Sports and travel,3,304.92,3/15/2019,13:05,0,290.4,14.52,5.3,1
1,1,Health and beauty,3,46.683,3/1/2019,11:30,1,44.46,2.223,8.7,1
1,1,Food and beverages,3,164.43,2/15/2019,13:30,1,156.6,7.83,9.5,0
1,0,Sports and travel,9,440.937,2/17/2019,19:11,2,419.94,20.997,5.3,2
1,0,Fashion accessories,5,193.4625,1/26/2019,18:53,0,184.25,9.2125,9.2,2
0,0,Home and lifestyle,2,147.672,3/24/2019,14:22,2,140.64,7.032,9.6,0
1,1,Electronic accessories,1,87.234,1/23/2019,17:16,2,83.08,4.154,6.4,2
1,0,Fashion accessories,1,68.2395,1/26/2019,10:06,1,64.99,3.2495,4.5,2
1,1,Food and beverages,10,814.38,3/14/2019,20:35,2,775.6,38.78,6.9,2
1,0,Sports and travel,6,343.413,3/17/2019,13:54,2,327.06,16.353,7.8,1
0,0,Fashion accessories,7,381.3915,1/8/2019,20:08,0,363.23,18.1615,4.5,2
1,1,Home and lifestyle,4,133.35,2/8/2019,15:26,0,127.0,6.35,8.6,1
0,0,Fashion accessories,7,394.3275,2/10/2019,12:56,2,375.55,18.7775,5.2,0
0,0,Food and beverages,4,209.118,3/28/2019,19:16,1,199.16,9.958,6.4,2
1,1,Fashion accessories,1,32.1405,1/23/2019,12:20,2,30.61,1.5305,5.2,0
0,1,Food and beverages,2,121.569,1/17/2019,10:37,2,115.78,5.789,8.9,1
1,0,Electronic accessories,1,30.408,2/7/2019,10:18,1,28.96,1.448,6.2,0
0,0,Food and beverages,9,935.2665,3/9/2019,11:23,0,890.73,44.5365,6.7,2
0,1,Fashion accessories,3,293.643,1/24/2019,11:45,0,279.66,13.983,7.2,1
0,1,Sports and travel,1,84.9765,1/19/2019,16:08,1,80.93,4.0465,9.0,2
0,1,Food and beverages,10,708.225,2/3/2019,11:25,2,674.5,33.725,4.2,0
0,0,Sports and travel,9,365.904,3/20/2019,12:24,2,348.48,17.424,4.2,0
0,1,Sports and travel,6,457.38,1/13/2019,19:51,0,435.6,21.78,6.9,1
0,1,Electronic accessories,5,461.5275,3/14/2019,18:10,2,439.55,21.9775,4.4,2
0,1,Food and beverages,6,620.739,1/23/2019,11:22,1,591.18,29.559,4.0,0
0,0,Fashion accessories,6,273.798,2/7/2019,17:55,2,260.76,13.038,8.5,2
1,0,Food and beverages,3,225.792,3/28/2019,15:30,1,215.04,10.752,9.2,0
0,0,Food and beverages,1,96.1905,3/20/2019,19:44,0,91.61,4.5805,9.8,0
0,0,Home and lifestyle,7,695.2365,1/17/2019,15:27,1,662.13,33.1065,4.9,1
1,0,Fashion accessories,10,874.125,1/12/2019,11:25,1,832.5,41.625,4.4,1
0,1,Fashion accessories,1,95.9175,2/16/2019,15:42,0,91.35,4.5675,6.8,1
0,0,Food and beverages,2,165.648,1/26/2019,16:04,0,157.76,7.888,9.1,1
1,1,Sports and travel,2,127.827,3/9/2019,12:37,2,121.74,6.087,8.7,0
0,1,Health and beauty,10,867.09,3/14/2019,14:41,0,825.8,41.29,5.0,1
0,1,Home and lifestyle,3,167.895,1/25/2019,14:19,2,159.9,7.995,7.5,0
1,0,Fashion accessories,1,12.6945,1/26/2019,18:19,1,12.09,0.6045,8.2,0
1,1,Sports and travel,10,673.995,1/19/2019,14:08,1,641.9,32.095,6.7,0
1,1,Electronic accessories,3,246.6765,3/5/2019,16:38,2,234.93,11.7465,5.4,0
0,1,Food and beverages,2,175.917,1/15/2019,10:54,1,167.54,8.377,7.0,0
1,1,Home and lifestyle,3,314.055,3/18/2019,11:29,2,299.1,14.955,4.7,1
0,1,Food and beverages,3,251.7165,3/20/2019,19:28,1,239.73,11.9865,5.0,1
0,1,Health and beauty,10,697.935,1/15/2019,15:01,1,664.7,33.235,5.0,1
1,1,Health and beauty,7,212.7825,3/3/2019,20:31,1,202.65,10.1325,6.0,0
1,0,Electronic accessories,1,48.51,3/19/2019,12:16,0,46.2,2.31,6.3,2
0,0,Food and beverages,5,92.5575,3/8/2019,15:27,0,88.15,4.4075,8.5,1
1,1,Fashion accessories,3,165.123,2/27/2019,17:36,2,157.26,7.863,7.5,1
0,0,Food and beverages,3,311.1885,2/23/2019,20:00,2,296.37,14.8185,6.4,1
0,0,Electronic accessories,8,743.82,3/19/2019,15:29,2,708.4,35.42,4.7,2
0,1,Electronic accessories,2,116.907,3/27/2019,15:08,2,111.34,5.567,6.0,1
0,0,Food and beverages,8,609.168,3/30/2019,19:26,1,580.16,29.008,4.0,2
0,1,Electronic accessories,5,63.2625,2/16/2019,15:53,2,60.25,3.0125,5.5,2
0,1,Home and lifestyle,9,182.952,1/18/2019,18:43,2,174.24,8.712,8.7,0
1,1,Health and beauty,6,442.323,3/30/2019,14:58,0,421.26,21.063,7.4,2
0,1,Fashion accessories,1,35.3115,3/20/2019,19:55,0,33.63,1.6815,5.6,1
0,0,Sports and travel,2,32.529,1/16/2019,15:10,0,30.98,1.549,6.3,2
1,1,Electronic accessories,10,259.77,2/24/2019,16:44,0,247.4,12.37,7.1,2
1,1,Electronic accessories,5,397.215,1/15/2019,18:22,2,378.3,18.915,7.8,1
1,0,Health and beauty,6,351.603,1/22/2019,11:52,0,334.86,16.743,9.9,1
0,1,Home and lifestyle,10,764.19,2/3/2019,17:24,0,727.8,36.39,7.3,0
0,1,Sports and travel,9,352.674,3/6/2019,15:31,2,335.88,16.794,5.1,1
0,1,Fashion accessories,4,252.756,2/16/2019,18:04,1,240.72,12.036,9.4,1
1,0,Electronic accessories,3,49.4235,3/14/2019,14:13,1,47.07,2.3535,5.8,0
1,0,Electronic accessories,1,104.6745,2/27/2019,10:23,1,99.69,4.9845,8.0,2
0,0,Fashion accessories,3,277.6725,1/18/2019,10:11,2,264.45,13.2225,7.9,0
0,0,Sports and travel,5,146.6325,1/29/2019,15:48,0,139.65,6.9825,5.9,0
0,1,Fashion accessories,1,58.2225,2/26/2019,17:46,1,55.45,2.7725,4.9,0
1,0,Sports and travel,3,135.3555,2/3/2019,11:46,0,128.91,6.4455,9.3,1
0,1,Sports and travel,7,125.979,1/16/2019,12:07,1,119.98,5.999,7.9,2
0,0,Fashion accessories,6,370.125,3/24/2019,18:14,1,352.5,17.625,5.9,1
0,0,Food and beverages,10,914.55,2/12/2019,14:45,1,871.0,43.55,9.9,2
1,0,Sports and travel,2,207.48,2/21/2019,11:39,0,197.6,9.88,7.7,2
1,0,Fashion accessories,4,204.246,2/4/2019,15:44,2,194.52,9.726,7.6,0
0,1,Food and beverages,3,181.881,2/20/2019,13:06,2,173.22,8.661,7.7,1
1,0,Health and beauty,4,75.474,2/23/2019,20:43,2,71.88,3.594,6.4,1
0,0,Health and beauty,6,300.573,2/16/2019,14:19,2,286.26,14.313,4.4,2
1,0,Sports and travel,2,85.302,1/17/2019,10:01,1,81.24,4.062,4.1,1
0,1,Fashion accessories,10,588.42,1/14/2019,19:30,2,560.4,28.02,4.4,0
0,1,Food and beverages,2,196.14,3/30/2019,16:34,0,186.8,9.34,5.5,1
1,0,Health and beauty,3,231.2415,3/2/2019,13:10,2,220.23,11.0115,4.0,1
1,1,Health and beauty,8,282.576,2/15/2019,17:10,1,269.12,13.456,9.3,2
1,0,Electronic accessories,10,477.54,3/1/2019,10:22,1,454.8,22.74,4.8,0
0,1,Fashion accessories,2,175.917,2/24/2019,19:57,0,167.54,8.377,4.6,1
0,0,Sports and travel,7,470.988,2/19/2019,19:29,1,448.56,22.428,7.3,1
0,0,Food and beverages,4,308.574,2/23/2019,18:30,0,293.88,14.694,6.0,0
1,1,Health and beauty,10,618.975,2/7/2019,14:27,2,589.5,29.475,8.1,2
0,1,Food and beverages,6,305.55,1/11/2019,13:57,2,291.0,14.55,9.4,0
0,0,Electronic accessories,1,41.454,2/12/2019,19:43,0,39.48,1.974,6.5,1
1,0,Sports and travel,1,36.5505,1/14/2019,10:11,1,34.81,1.7405,7.0,1
1,0,Fashion accessories,6,310.716,1/9/2019,13:46,2,295.92,14.796,7.1,2
0,1,Fashion accessories,2,45.108,2/27/2019,12:22,2,42.96,2.148,6.6,0
0,0,Sports and travel,6,145.404,1/24/2019,19:20,2,138.48,6.924,4.9,1
0,0,Home and lifestyle,2,103.11,1/8/2019,12:58,1,98.2,4.91,6.4,1
0,0,Sports and travel,2,136.143,1/8/2019,11:59,1,129.66,6.483,8.0,1
0,1,Home and lifestyle,10,667.38,1/16/2019,17:59,0,635.6,31.78,4.3,0
0,1,Sports and travel,2,153.048,3/13/2019,12:51,0,145.76,7.288,6.1,2
1,0,Food and beverages,3,211.365,2/15/2019,10:36,0,201.3,10.065,7.5,0
0,0,Sports and travel,9,663.2955,1/25/2019,13:38,0,631.71,31.5855,6.7,2
0,1,Food and beverages,7,404.544,3/12/2019,19:39,2,385.28,19.264,5.2,2
0,1,Health and beauty,10,510.615,3/4/2019,12:44,0,486.3,24.315,8.8,0
0,0,Fashion accessories,7,539.343,2/10/2019,13:56,0,513.66,25.683,9.5,2
1,0,Food and beverages,9,497.07,1/16/2019,14:42,0,473.4,23.67,7.6,2
0,0,Home and lifestyle,5,458.6925,1/29/2019,19:45,0,436.85,21.8425,6.6,0
0,0,Sports and travel,4,113.568,1/1/2019,20:26,2,108.16,5.408,6.9,0
1,1,Home and lifestyle,4,261.198,1/6/2019,19:46,2,248.76,12.438,4.3,1
0,1,Electronic accessories,9,657.531,2/19/2019,19:38,1,626.22,31.311,7.8,0
1,1,Home and lifestyle,10,1023.75,1/12/2019,16:18,2,975.0,48.75,8.0,2
1,0,Fashion accessories,8,507.444,2/7/2019,12:23,2,483.28,24.164,9.6,2
1,1,Food and beverages,3,101.808,3/27/2019,19:11,1,96.96,4.848,4.3,1
0,0,Fashion accessories,10,207.585,2/27/2019,18:57,1,197.7,9.885,5.0,1
0,1,Health and beauty,9,760.4415,1/6/2019,11:18,0,724.23,36.2115,9.2,1
0,0,Home and lifestyle,9,835.2855,3/2/2019,12:40,0,795.51,39.7755,6.3,1
1,1,Health and beauty,7,527.5095,3/29/2019,14:06,0,502.39,25.1195,8.9,1
1,0,Electronic accessories,4,180.6,1/31/2019,20:48,2,172.0,8.6,7.6,1
0,1,Food and beverages,1,72.429,1/21/2019,20:13,0,68.98,3.449,4.8,2
1,1,Fashion accessories,8,131.208,1/20/2019,20:37,2,124.96,6.248,9.1,2
1,1,Sports and travel,3,80.955,1/17/2019,17:59,2,77.1,3.855,6.1,0
0,1,Food and beverages,6,507.906,2/28/2019,20:18,0,483.72,24.186,9.1,0
0,0,Home and lifestyle,4,317.226,3/19/2019,15:52,2,302.12,15.106,8.3,2
1,0,Electronic accessories,9,733.6035,2/19/2019,15:14,2,698.67,34.9335,7.2,2
1,0,Health and beauty,9,130.8825,2/4/2019,12:50,2,124.65,6.2325,6.0,2
0,1,Fashion accessories,8,829.08,1/31/2019,10:36,2,789.6,39.48,8.5,2
1,0,Health and beauty,5,187.32,2/6/2019,18:33,1,178.4,8.92,6.6,0
0,0,Fashion accessories,7,525.231,3/28/2019,16:06,2,500.22,25.011,4.5,0
0,1,Electronic accessories,3,37.611,1/19/2019,12:47,1,35.82,1.791,8.1,0
1,1,Fashion accessories,3,142.947,2/17/2019,13:34,1,136.14,6.807,7.2,0
0,0,Fashion accessories,6,110.124,1/18/2019,15:04,1,104.88,5.244,6.1,1
1,0,Fashion accessories,7,187.866,2/2/2019,20:42,0,178.92,8.946,7.1,1
0,0,Sports and travel,9,856.4535,1/18/2019,15:28,0,815.67,40.7835,5.1,2
1,1,Home and lifestyle,3,138.978,3/18/2019,13:45,1,132.36,6.618,7.9,1
0,0,Food and beverages,7,270.2595,1/11/2019,20:10,0,257.39,12.8695,7.4,2
0,1,Food and beverages,4,98.028,2/4/2019,18:53,2,93.36,4.668,7.4,1
0,0,Health and beauty,8,239.4,2/6/2019,14:24,0,228.0,11.4,6.6,2
0,1,Home and lifestyle,3,175.0455,1/8/2019,11:42,1,166.71,8.3355,5.9,2
1,1,Sports and travel,10,732.27,3/5/2019,17:49,1,697.4,34.87,8.9,1
1,1,Fashion accessories,4,408.492,3/16/2019,15:33,2,389.04,19.452,6.8,2
0,0,Home and lifestyle,7,383.523,3/9/2019,10:54,0,365.26,18.263,9.3,1
0,0,Fashion accessories,4,93.744,3/1/2019,16:23,1,89.28,4.464,4.4,0
1,1,Health and beauty,3,176.4,2/28/2019,19:33,2,168.0,8.4,4.8,0
0,1,Fashion accessories,1,20.685,2/8/2019,11:39,2,19.7,0.985,9.5,0
1,1,Electronic accessories,7,557.718,1/24/2019,10:38,2,531.16,26.558,8.9,1
0,1,Food and beverages,1,56.406,3/1/2019,20:03,2,53.72,2.686,6.4,1
0,1,Health and beauty,10,860.475,3/10/2019,12:39,1,819.5,40.975,6.0,2
0,0,Home and lifestyle,7,596.82,3/23/2019,15:59,1,568.4,28.42,8.1,2
1,1,Electronic accessories,10,616.98,1/29/2019,14:26,2,587.6,29.38,9.0,2
0,1,Electronic accessories,8,769.104,1/12/2019,18:22,2,732.48,36.624,6.0,1
1,1,Home and lifestyle,9,887.922,3/20/2019,11:32,0,845.64,42.282,9.8,0
1,1,Home and lifestyle,7,408.7335,3/23/2019,12:41,0,389.27,19.4635,8.5,2
1,1,Food and beverages,1,89.0715,1/14/2019,15:20,2,84.83,4.2415,8.8,2
0,0,Sports and travel,2,150.423,2/12/2019,14:33,2,143.26,7.163,8.8,0
0,1,Home and lifestyle,2,79.149,2/20/2019,15:29,2,75.38,3.769,9.5,0
0,0,Sports and travel,8,266.028,1/2/2019,16:19,1,253.36,12.668,5.6,2
0,0,Food and beverages,1,40.341,2/2/2019,16:33,0,38.42,1.921,8.6,2
0,1,Fashion accessories,10,684.915,1/8/2019,19:07,1,652.3,32.615,5.2,1
0,0,Home and lifestyle,5,55.2825,1/30/2019,14:43,1,52.65,2.6325,5.8,2
0,0,Home and lifestyle,9,116.1405,3/26/2019,19:28,1,110.61,5.5305,8.0,1
0,1,Health and beauty,7,597.0405,1/15/2019,20:44,0,568.61,28.4305,9.0,2
0,0,Fashion accessories,4,93.744,3/14/2019,11:16,2,89.28,4.464,4.1,1
1,0,Food and beverages,5,143.22,2/3/2019,10:31,1,136.4,6.82,8.6,0
0,0,Electronic accessories,10,182.91,2/22/2019,12:30,2,174.2,8.71,7.0,0
1,1,Home and lifestyle,5,384.72,1/24/2019,15:05,2,366.4,18.32,8.4,1
0,0,Fashion accessories,3,267.3405,1/25/2019,18:30,2,254.61,12.7305,7.4,2
1,0,Fashion accessories,8,817.236,3/9/2019,13:18,1,778.32,38.916,6.2,0
0,0,Electronic accessories,8,300.216,2/17/2019,15:28,2,285.92,14.296,4.9,1
1,0,Home and lifestyle,6,608.076,1/11/2019,11:52,0,579.12,28.956,4.5,0
0,1,Food and beverages,10,197.925,2/27/2019,18:24,2,188.5,9.425,5.6,0
1,0,Food and beverages,4,232.638,3/25/2019,15:19,2,221.56,11.078,8.0,0
0,0,Food and beverages,10,810.6,2/11/2019,10:38,1,772.0,38.6,5.6,1
1,1,Electronic accessories,10,757.365,1/31/2019,15:12,1,721.3,36.065,4.2,1
0,0,Fashion accessories,8,536.592,1/20/2019,17:48,2,511.04,25.552,9.9,0
0,0,Health and beauty,5,56.1225,3/26/2019,11:07,2,53.45,2.6725,7.6,0
0,1,Health and beauty,4,233.1,1/20/2019,15:48,1,222.0,11.1,6.6,0
1,0,Home and lifestyle,8,801.864,3/5/2019,19:40,2,763.68,38.184,4.7,1
1,0,Fashion accessories,3,239.589,1/5/2019,20:30,1,228.18,11.409,9.8,2
1,1,Sports and travel,6,86.247,2/13/2019,13:59,0,82.14,4.107,6.3,1
1,0,Electronic accessories,4,401.688,3/16/2019,18:51,0,382.56,19.128,7.9,1
1,0,Home and lifestyle,6,72.009,1/15/2019,17:24,0,68.58,3.429,7.7,0
0,0,Sports and travel,4,401.268,2/26/2019,11:58,2,382.16,19.108,4.5,1
0,0,Health and beauty,7,631.1445,2/27/2019,19:01,1,601.09,30.0545,8.0,2
0,0,Sports and travel,7,499.7265,2/17/2019,16:50,2,475.93,23.7965,5.7,2
1,0,Food and beverages,1,55.041,2/6/2019,10:22,1,52.42,2.621,6.3,2
0,1,Food and beverages,2,137.865,1/17/2019,16:46,0,131.3,6.565,6.0,2
1,0,Food and beverages,5,151.515,1/22/2019,18:08,1,144.3,7.215,8.0,1
0,1,Health and beauty,7,480.0285,3/5/2019,18:02,1,457.17,22.8585,4.2,2
1,1,Sports and travel,1,98.049,1/3/2019,13:07,0,93.38,4.669,9.6,1
0,1,Sports and travel,5,132.5625,3/20/2019,17:52,0,126.25,6.3125,6.1,2
0,1,Electronic accessories,9,830.3715,1/31/2019,20:32,2,790.83,39.5415,5.6,1
1,1,Health and beauty,8,183.12,2/19/2019,19:24,0,174.4,8.72,8.3,2
1,0,Sports and travel,4,397.992,2/11/2019,16:06,2,379.04,18.952,7.8,0
0,0,Fashion accessories,1,32.151,2/5/2019,14:14,1,30.62,1.531,4.1,0
1,0,Home and lifestyle,8,369.684,3/3/2019,17:36,0,352.08,17.604,8.8,2
0,0,Health and beauty,5,53.34,2/24/2019,13:08,2,50.8,2.54,4.1,2
1,1,Electronic accessories,7,548.163,2/4/2019,16:09,1,522.06,26.103,9.0,0
1,1,Electronic accessories,8,603.876,2/19/2019,11:33,2,575.12,28.756,5.5,2
1,0,Health and beauty,5,57.6975,1/23/2019,10:18,1,54.95,2.7475,9.3,2
0,1,Health and beauty,3,190.4805,1/14/2019,10:55,1,181.41,9.0705,5.6,2
1,1,Sports and travel,7,432.9885,1/17/2019,15:15,2,412.37,20.6185,9.7,0
1,1,Fashion accessories,1,48.7305,3/3/2019,20:06,1,46.41,2.3205,4.0,0
0,1,Health and beauty,4,287.91,2/15/2019,20:21,1,274.2,13.71,9.2,2
1,0,Home and lifestyle,10,1022.385,1/15/2019,13:48,1,973.7,48.685,4.9,1
0,1,Electronic accessories,7,680.61,2/27/2019,12:52,1,648.2,32.41,9.3,0
1,0,Electronic accessories,2,97.881,2/26/2019,12:28,1,93.22,4.661,6.6,0
1,1,Fashion accessories,2,57.078,3/15/2019,16:26,2,54.36,2.718,4.3,1
0,0,Home and lifestyle,1,63.9135,1/24/2019,13:24,0,60.87,3.0435,5.5,2
0,0,Sports and travel,10,257.145,2/22/2019,15:15,0,244.9,12.245,8.1,0
1,1,Health and beauty,1,97.419,3/15/2019,10:50,1,92.78,4.639,9.8,1
0,1,Home and lifestyle,5,455.1225,2/11/2019,18:38,2,433.45,21.6725,9.4,2
1,1,Sports and travel,6,144.963,1/12/2019,16:45,2,138.06,6.903,7.9,1
0,0,Electronic accessories,8,253.68,3/3/2019,19:30,2,241.6,12.08,5.1,2
0,1,Fashion accessories,7,495.3165,3/23/2019,13:23,2,471.73,23.5865,6.9,2
0,0,Fashion accessories,9,462.672,3/4/2019,11:27,0,440.64,22.032,8.0,0
0,0,Electronic accessories,9,714.3255,2/23/2019,11:12,0,680.31,34.0155,8.0,1
1,0,Home and lifestyle,4,325.374,3/17/2019,16:36,0,309.88,15.494,4.2,0
1,0,Sports and travel,2,195.678,1/16/2019,18:41,1,186.36,9.318,8.5,0
1,0,Electronic accessories,4,210.966,1/8/2019,17:12,0,200.92,10.046,9.0,0
1,0,Health and beauty,1,18.6375,1/14/2019,10:38,0,17.75,0.8875,8.6,1
1,0,Fashion accessories,10,652.89,1/31/2019,10:33,2,621.8,31.09,6.0,2
1,1,Health and beauty,8,90.3,3/15/2019,14:38,2,86.0,4.3,6.2,1
1,0,Electronic accessories,10,422.73,2/24/2019,18:06,1,402.6,20.13,5.0,0
0,0,Sports and travel,5,341.0925,2/8/2019,12:52,1,324.85,16.2425,6.5,2
1,1,Electronic accessories,1,99.9075,3/22/2019,14:00,0,95.15,4.7575,6.0,0
0,0,Electronic accessories,8,408.408,1/24/2019,10:57,0,388.96,19.448,5.0,0
1,0,Food and beverages,8,446.964,3/14/2019,16:45,2,425.68,21.284,5.0,1
1,0,Fashion accessories,7,333.984,1/23/2019,11:15,0,318.08,15.904,9.2,2
1,1,Food and beverages,8,284.592,1/19/2019,20:29,2,271.04,13.552,9.6,0
0,1,Health and beauty,4,403.872,1/27/2019,20:03,1,384.64,19.232,8.4,1
0,1,Food and beverages,5,247.59,2/3/2019,14:35,1,235.8,11.79,6.0,1
1,1,Electronic accessories,4,222.138,3/25/2019,16:32,2,211.56,10.578,6.7,1
0,0,Home and lifestyle,2,100.128,2/24/2019,10:10,1,95.36,4.768,4.1,0
0,1,Sports and travel,1,10.6785,2/7/2019,14:15,0,10.17,0.5085,5.9,2
1,0,Health and beauty,3,216.4365,3/4/2019,10:05,0,206.13,10.3065,8.7,0
0,0,Sports and travel,7,441.588,2/14/2019,11:36,1,420.56,21.028,4.5,1
0,0,Sports and travel,4,92.442,1/29/2019,18:15,1,88.04,4.402,6.6,0
0,0,Health and beauty,9,681.4395,1/28/2019,13:53,1,648.99,32.4495,7.7,1
0,1,Fashion accessories,3,130.032,3/26/2019,18:37,1,123.84,6.192,8.5,0
1,1,Electronic accessories,10,681.975,3/24/2019,18:27,0,649.5,32.475,5.2,2
0,0,Electronic accessories,10,779.31,1/1/2019,14:42,1,742.2,37.11,4.3,0
1,1,Electronic accessories,8,88.704,1/24/2019,17:43,0,84.48,4.224,7.6,0
1,1,Health and beauty,4,262.794,2/25/2019,18:37,0,250.28,12.514,9.5,1
0,0,Sports and travel,8,99.54,1/9/2019,16:34,0,94.8,4.74,4.1,1
0,1,Health and beauty,1,95.865,2/14/2019,14:42,2,91.3,4.565,9.2,0
0,0,Home and lifestyle,7,299.3655,3/12/2019,11:01,2,285.11,14.2555,5.4,1
1,1,Fashion accessories,1,54.999,3/26/2019,19:44,0,52.38,2.619,5.8,0
0,1,Fashion accessories,5,202.335,1/9/2019,13:34,2,192.7,9.635,5.6,0
1,1,Sports and travel,6,281.169,1/2/2019,20:08,1,267.78,13.389,5.1,1
1,1,Electronic accessories,10,586.635,1/15/2019,15:01,0,558.7,27.935,5.8,2
0,0,Sports and travel,6,184.086,1/1/2019,11:40,2,175.32,8.766,5.0,2
1,1,Fashion accessories,3,163.611,2/15/2019,15:21,0,155.82,7.791,7.9,0
1,1,Electronic accessories,1,63.315,2/28/2019,17:38,0,60.3,3.015,6.0,1
0,0,Sports and travel,2,82.887,3/2/2019,16:16,1,78.94,3.947,5.0,0
0,0,Food and beverages,2,31.227,2/13/2019,18:15,1,29.74,1.487,8.9,2
1,1,Fashion accessories,1,22.386,1/26/2019,12:43,0,21.32,1.066,5.9,0
0,1,Electronic accessories,3,295.407,1/30/2019,11:32,1,281.34,14.067,5.9,0
0,1,Electronic accessories,1,76.923,1/27/2019,18:08,2,73.26,3.663,9.7,0
1,0,Sports and travel,1,23.499,1/30/2019,17:08,1,22.38,1.119,8.6,2
0,0,Food and beverages,9,688.716,1/8/2019,19:38,0,655.92,32.796,4.0,2
1,0,Fashion accessories,6,624.33,1/19/2019,13:11,0,594.6,29.73,4.2,0
1,1,Fashion accessories,1,77.805,1/25/2019,11:05,0,74.1,3.705,9.2,0
1,0,Fashion accessories,2,206.808,2/19/2019,10:12,2,196.96,9.848,9.2,0
1,1,Health and beauty,7,390.9465,1/14/2019,15:42,2,372.33,18.6165,5.0,2
1,0,Electronic accessories,10,554.295,2/25/2019,11:58,2,527.9,26.395,10.0,1
0,0,Health and beauty,5,503.7375,1/23/2019,14:21,2,479.75,23.9875,8.8,0
1,0,Fashion accessories,9,345.0195,2/16/2019,10:52,0,328.59,16.4295,4.2,1
1,1,Food and beverages,8,177.408,1/1/2019,19:31,0,168.96,8.448,6.3,1
0,0,Home and lifestyle,4,118.902,3/7/2019,18:35,0,113.24,5.662,8.2,0
1,1,Health and beauty,6,362.817,2/15/2019,13:51,0,345.54,17.277,5.1,1
0,0,Food and beverages,9,450.1035,1/23/2019,12:35,0,428.67,21.4335,5.0,0
0,0,Home and lifestyle,1,90.5835,2/20/2019,13:24,2,86.27,4.3135,7.0,2
0,1,Sports and travel,2,26.796,1/8/2019,18:06,2,25.52,1.276,7.8,0
1,0,Home and lifestyle,9,106.596,3/17/2019,11:55,1,101.52,5.076,4.3,1
1,0,Home and lifestyle,7,375.3645,1/12/2019,11:42,0,357.49,17.8745,7.0,1
0,0,Electronic accessories,3,250.7085,1/8/2019,14:30,0,238.77,11.9385,6.6,0
0,1,Health and beauty,3,106.5015,1/26/2019,15:11,2,101.43,5.0715,7.3,2
0,1,Sports and travel,8,760.452,3/15/2019,14:48,1,724.24,36.212,6.5,1
0,0,Health and beauty,2,131.922,1/17/2019,12:36,2,125.64,6.282,4.9,2
0,1,Food and beverages,3,76.5765,1/8/2019,19:09,1,72.93,3.6465,4.3,2
1,1,Sports and travel,4,271.278,1/6/2019,13:35,2,258.36,12.918,9.3,0
0,1,Food and beverages,7,182.427,2/16/2019,10:33,1,173.74,8.687,7.1,0
1,1,Fashion accessories,1,59.325,3/13/2019,15:45,2,56.5,2.825,9.6,2
0,0,Electronic accessories,10,225.015,1/28/2019,11:51,0,214.3,10.715,6.2,1
0,1,Sports and travel,6,561.078,1/18/2019,17:26,0,534.36,26.718,9.9,0
0,1,Home and lifestyle,4,97.818,3/19/2019,11:52,1,93.16,4.658,5.9,0
1,1,Home and lifestyle,8,548.184,3/15/2019,14:04,2,522.08,26.104,6.3,2
0,1,Fashion accessories,1,54.9675,2/12/2019,17:49,0,52.35,2.6175,4.0,2
0,1,Electronic accessories,1,41.7375,2/25/2019,20:19,0,39.75,1.9875,6.1,1
1,0,Electronic accessories,8,756.168,3/21/2019,16:08,1,720.16,36.008,4.5,0
0,0,Electronic accessories,8,101.64,1/19/2019,10:17,2,96.8,4.84,8.6,1
0,0,Food and beverages,10,348.705,1/8/2019,14:25,2,332.1,16.605,6.0,1
0,0,Fashion accessories,8,85.512,3/30/2019,12:51,1,81.44,4.072,9.5,2
0,1,Sports and travel,10,335.895,2/20/2019,15:18,1,319.9,15.995,9.9,1
0,0,Home and lifestyle,6,216.846,3/30/2019,12:45,2,206.52,10.326,7.5,0
0,0,Food and beverages,2,175.014,3/19/2019,13:37,0,166.68,8.334,7.6,0
1,1,Sports and travel,7,335.013,1/13/2019,10:03,0,319.06,15.953,5.0,0
0,1,Food and beverages,1,92.295,2/5/2019,19:42,2,87.9,4.395,6.7,0
0,0,Electronic accessories,10,771.435,3/23/2019,13:14,2,734.7,36.735,9.5,0
1,0,Fashion accessories,8,102.396,3/13/2019,12:47,2,97.52,4.876,6.8,2
0,1,Sports and travel,10,807.66,3/17/2019,19:53,2,769.2,38.46,5.6,0
1,0,Health and beauty,5,439.215,2/21/2019,10:26,0,418.3,20.915,7.2,2
1,0,Electronic accessories,8,486.444,2/7/2019,15:06,0,463.28,23.164,8.1,1
0,0,Fashion accessories,5,485.5725,3/2/2019,16:35,1,462.45,23.1225,8.6,2
1,1,Electronic accessories,5,148.995,3/6/2019,20:57,0,141.9,7.095,9.4,1
0,1,Electronic accessories,6,317.835,2/6/2019,15:16,1,302.7,15.135,8.9,1
1,1,Health and beauty,8,832.944,1/28/2019,17:47,1,793.28,39.664,4.2,1
1,1,Fashion accessories,7,446.439,1/18/2019,16:23,2,425.18,21.259,5.0,2
0,0,Food and beverages,6,297.801,2/5/2019,10:17,0,283.62,14.181,8.8,2
0,1,Health and beauty,7,629.16,3/2/2019,13:50,0,599.2,29.96,5.3,2
0,1,Food and beverages,9,331.128,2/9/2019,19:17,2,315.36,15.768,4.6,0
0,0,Electronic accessories,9,423.738,1/14/2019,14:00,1,403.56,20.178,7.5,2
1,1,Home and lifestyle,4,193.074,2/9/2019,12:02,2,183.88,9.194,5.1,1
0,0,Health and beauty,5,145.5825,3/26/2019,20:21,1,138.65,6.9325,4.2,0
1,1,Food and beverages,7,84.7455,1/28/2019,17:35,0,80.71,4.0355,8.1,0
1,0,Health and beauty,2,122.472,2/14/2019,12:42,2,116.64,5.832,6.0,2
0,0,Home and lifestyle,4,329.196,3/24/2019,17:56,0,313.52,15.676,7.9,2
1,1,Health and beauty,10,888.405,2/9/2019,18:58,1,846.1,42.305,8.8,2
1,0,Health and beauty,5,435.12,3/24/2019,14:08,1,414.4,20.72,6.6,1
0,0,Food and beverages,2,167.034,3/27/2019,16:30,2,159.08,7.954,6.2,0
1,0,Home and lifestyle,10,514.605,1/27/2019,10:44,1,490.1,24.505,4.2,1
0,0,Food and beverages,3,91.8225,3/27/2019,20:29,1,87.45,4.3725,7.3,1
1,0,Electronic accessories,4,235.746,1/19/2019,11:43,2,224.52,11.226,8.6,2
1,0,Home and lifestyle,8,782.208,2/7/2019,10:09,0,744.96,37.248,6.8,0
0,1,Fashion accessories,8,431.256,1/31/2019,10:00,2,410.72,20.536,7.6,0
0,0,Food and beverages,3,313.74,2/25/2019,18:45,0,298.8,14.94,5.8,0
1,0,Electronic accessories,6,223.587,2/2/2019,12:40,0,212.94,10.647,4.1,2
0,1,Sports and travel,1,44.9925,3/14/2019,15:36,1,42.85,2.1425,9.3,2
1,0,Fashion accessories,4,397.614,3/11/2019,12:04,0,378.68,18.934,6.8,0
1,1,Home and lifestyle,3,217.2555,2/22/2019,11:26,2,206.91,10.3455,8.7,1
0,0,Electronic accessories,3,82.719,3/2/2019,12:36,2,78.78,3.939,6.3,1
0,0,Home and lifestyle,9,338.2155,3/10/2019,15:06,1,322.11,16.1055,5.1,2
1,0,Home and lifestyle,6,103.131,2/8/2019,10:58,0,98.22,4.911,7.0,1
0,0,Home and lifestyle,2,26.733,2/22/2019,12:10,1,25.46,1.273,5.2,2
1,0,Sports and travel,7,611.079,1/10/2019,10:31,1,581.98,29.099,6.6,2
0,0,Sports and travel,6,221.886,3/14/2019,13:49,2,211.32,10.566,6.5,2
1,0,Electronic accessories,4,57.876,1/10/2019,11:10,2,55.12,2.756,9.0,1
0,1,Sports and travel,1,92.7255,2/15/2019,17:38,1,88.31,4.4155,5.2,1
0,0,Health and beauty,9,374.409,1/13/2019,17:54,1,356.58,17.829,6.8,0
1,0,Electronic accessories,9,833.9625,2/15/2019,20:51,1,794.25,39.7125,7.6,1
1,1,Sports and travel,2,53.151,3/2/2019,19:26,2,50.62,2.531,7.2,1
1,1,Home and lifestyle,6,629.496,3/24/2019,13:33,2,599.52,29.976,7.1,1
0,0,Fashion accessories,2,175.035,2/2/2019,14:05,1,166.7,8.335,9.5,2
1,0,Food and beverages,10,781.62,2/27/2019,11:40,2,744.4,37.22,5.1,0
1,1,Health and beauty,7,470.988,1/20/2019,12:27,2,448.56,22.428,7.6,2
1,0,Home and lifestyle,6,397.845,1/3/2019,20:24,2,378.9,18.945,9.8,1
0,1,Home and lifestyle,3,270.018,1/24/2019,20:59,2,257.16,12.858,5.1,2
1,0,Health and beauty,7,579.8415,1/5/2019,19:48,2,552.23,27.6115,7.5,2
1,0,Sports and travel,5,469.77,3/30/2019,10:18,0,447.4,22.37,7.4,0
0,0,Health and beauty,3,290.0835,2/17/2019,16:27,0,276.27,13.8135,4.2,0
1,0,Food and beverages,6,360.927,3/21/2019,17:04,2,343.74,17.187,5.9,2
1,1,Food and beverages,4,279.384,3/2/2019,18:14,2,266.08,13.304,6.9,0
0,1,Fashion accessories,9,943.299,3/27/2019,10:43,0,898.38,44.919,6.6,2
1,0,Home and lifestyle,10,479.64,1/19/2019,19:30,2,456.8,22.84,5.7,0
1,1,Health and beauty,5,266.6475,2/19/2019,14:53,1,253.95,12.6975,5.3,0
0,1,Health and beauty,7,74.088,3/28/2019,20:14,0,70.56,3.528,4.2,0
1,0,Electronic accessories,7,690.018,1/5/2019,11:51,1,657.16,32.858,7.3,0
0,1,Electronic accessories,2,176.925,3/26/2019,14:13,1,168.5,8.425,5.3,2
0,1,Fashion accessories,1,56.469,2/3/2019,20:13,2,53.78,2.689,4.7,1
0,1,Home and lifestyle,5,188.0025,2/6/2019,18:44,2,179.05,8.9525,7.9,2
1,0,Food and beverages,8,222.012,2/24/2019,14:26,2,211.44,10.572,8.9,1
0,1,Health and beauty,3,125.7165,2/21/2019,12:40,2,119.73,5.9865,9.3,1
0,0,Home and lifestyle,3,68.985,1/9/2019,18:43,2,65.7,3.285,4.7,1
0,0,Food and beverages,4,263.97,2/25/2019,13:22,2,251.4,12.57,8.7,1
0,0,Food and beverages,4,88.368,1/13/2019,13:58,0,84.16,4.208,7.6,2
0,1,Home and lifestyle,6,415.233,2/9/2019,11:45,0,395.46,19.773,5.7,1
1,0,Fashion accessories,7,312.8895,1/6/2019,11:51,0,297.99,14.8995,6.8,0
0,1,Food and beverages,9,477.1305,1/10/2019,17:16,0,454.41,22.7205,5.4,2
1,1,Electronic accessories,6,289.926,2/7/2019,15:55,0,276.12,13.806,7.1,1
1,0,Home and lifestyle,10,165.9,1/9/2019,12:07,0,158.0,7.9,7.8,2
0,0,Food and beverages,9,932.337,2/19/2019,15:07,0,887.94,44.397,8.4,0
0,1,Fashion accessories,1,96.579,3/18/2019,15:29,0,91.98,4.599,9.8,2
0,1,Electronic accessories,2,43.869,2/5/2019,18:45,0,41.78,2.089,9.8,0
1,0,Fashion accessories,1,16.275,3/19/2019,15:23,1,15.5,0.775,7.4,0
0,1,Electronic accessories,3,304.983,3/30/2019,20:37,0,290.46,14.523,6.7,2
1,1,Food and beverages,2,69.993,1/26/2019,14:41,1,66.66,3.333,6.4,1
1,0,Electronic accessories,2,80.367,3/2/2019,18:18,1,76.54,3.827,5.8,1
1,0,Home and lifestyle,9,314.685,3/4/2019,15:27,2,299.7,14.985,7.2,0
0,1,Home and lifestyle,3,255.1815,1/13/2019,12:55,1,243.03,12.1515,9.3,0
1,0,Health and beauty,3,49.77,3/25/2019,18:02,0,47.4,2.37,9.5,0
0,0,Electronic accessories,5,181.0725,3/11/2019,19:44,1,172.45,8.6225,9.0,1
0,0,Food and beverages,10,888.615,1/1/2019,11:36,1,846.3,42.315,9.0,1
0,1,Home and lifestyle,7,271.2885,2/10/2019,13:51,2,258.37,12.9185,6.7,1
1,1,Electronic accessories,7,640.038,1/26/2019,15:17,0,609.56,30.478,5.5,1
1,1,Home and lifestyle,3,252.252,2/11/2019,15:29,0,240.24,12.012,5.4,0
1,1,Fashion accessories,2,180.873,2/7/2019,17:59,0,172.26,8.613,8.2,2
0,1,Fashion accessories,2,104.832,3/6/2019,11:55,1,99.84,4.992,7.0,1
1,0,Food and beverages,4,313.572,3/4/2019,10:39,0,298.64,14.932,8.5,0
0,1,Food and beverages,6,167.58,2/26/2019,15:10,2,159.6,7.98,4.9,1
1,0,Electronic accessories,1,26.7225,3/10/2019,18:10,1,25.45,1.2725,5.1,1
1,0,Food and beverages,1,71.1585,2/4/2019,20:43,1,67.77,3.3885,6.5,1
0,1,Food and beverages,4,250.278,1/19/2019,12:46,0,238.36,11.918,9.8,2
1,1,Health and beauty,4,244.23,1/23/2019,17:44,0,232.6,11.63,8.4,0
0,0,Sports and travel,9,921.186,3/14/2019,14:19,2,877.32,43.866,7.4,0
1,1,Health and beauty,7,734.706,1/23/2019,10:33,0,699.72,34.986,6.1,2
1,1,Electronic accessories,7,708.3195,1/9/2019,11:40,0,674.59,33.7295,6.0,2
1,0,Fashion accessories,5,334.4775,2/7/2019,19:30,2,318.55,15.9275,8.5,1
1,0,Health and beauty,2,30.996,2/18/2019,14:42,2,29.52,1.476,4.3,1
0,1,Health and beauty,8,520.8,1/3/2019,19:08,1,496.0,24.8,6.2,1
0,1,Electronic accessories,10,864.57,3/29/2019,19:12,2,823.4,41.17,4.3,2
0,1,Health and beauty,8,633.108,1/28/2019,15:46,1,602.96,30.148,8.4,1
1,0,Food and beverages,5,296.94,3/22/2019,19:06,1,282.8,14.14,4.5,0
1,0,Sports and travel,10,804.3,1/24/2019,18:10,2,766.0,38.3,6.0,1
1,1,Electronic accessories,2,121.863,3/10/2019,20:46,2,116.06,5.803,8.8,0
1,1,Fashion accessories,10,183.645,2/22/2019,18:35,2,174.9,8.745,6.6,1
0,0,Electronic accessories,1,63.9975,2/18/2019,11:40,2,60.95,3.0475,5.9,2
1,1,Health and beauty,1,42.3675,1/29/2019,13:46,2,40.35,2.0175,6.2,2
1,0,Home and lifestyle,10,1022.49,3/2/2019,17:16,2,973.8,48.69,4.4,1
0,1,Food and beverages,1,33.432,2/9/2019,13:22,0,31.84,1.592,7.7,0
1,1,Home and lifestyle,1,69.111,2/22/2019,15:33,0,65.82,3.291,4.1,0
0,0,Fashion accessories,7,649.299,2/18/2019,13:28,0,618.38,30.919,6.6,0
